Post ID,Title,Url,Author,Score,Publish Date,Total No. of Comments,Permalink,Flair
bhs0l,The Cast of Glee sing the National Anthem ,http://jpmblog.com/2010/02/the-cast-of-glee-sing-the-national-athem/,[deleted],1,2010-03-24 21:46:17,0,/r/Music/comments/bhs0l/the_cast_of_glee_sing_the_national_anthem/,NaN
cyu33,"Glee Cast - ""Journey to Regionals Performance"" (Best musical moment on television.)",http://www.youtube.com/watch?v=k40iccZFWfw,EatBooks,1,2010-08-08 20:52:13,0,/r/Music/comments/cyu33/glee_cast_journey_to_regionals_performance_best/,NaN
djbnp,Anyone else who loved the glee cast version of billionaire??,http://gleesongsdownload.wordpress.com/,marcoandme,0,2010-09-27 04:09:10,1,/r/Music/comments/djbnp/anyone_else_who_loved_the_glee_cast_version_of/,NaN
dnshs,The Glee cast now has more Billboard 100 songs than The Beatles,"http://www.avclub.com/articles/the-glee-cast-now-has-more-billboard-100-songs-tha,46059/",BannedINDC,6,2010-10-06 22:46:21,4,/r/Music/comments/dnshs/the_glee_cast_now_has_more_billboard_100_songs/,NaN
do7li,'Glee' Cast Beats Beatles on Billboards,http://www.limelife.com/blog-entry/Glee-Beats-Beatles-on-Billboards/74801.html,MrX742,1,2010-10-07 19:36:23,0,/r/Music/comments/do7li/glee_cast_beats_beatles_on_billboards/,NaN
dofhr,'Glee' cast beats out Beatles for Billboard record,https://www.reddit.com/r/Music/comments/dofhr/glee_cast_beats_out_beatles_for_billboard_record/,Muterain,0,2010-10-08 06:04:17,10,/r/Music/comments/dofhr/glee_cast_beats_out_beatles_for_billboard_record/,NaN
dp0co,Glee Cast Breaks Beatles Record. This makes me sad.,http://www.ultimate-guitar.com/news/general_music_news/glee_cast_breaks_beatles_record.html,ej1oo1,32,2010-10-09 15:54:56,30,/r/Music/comments/dp0co/glee_cast_breaks_beatles_record_this_makes_me_sad/,NaN
eeu99,TIL The Glee cast is about to catch Elvis for most Billboard 100 Entries.,https://www.reddit.com/r/Music/comments/eeu99/til_the_glee_cast_is_about_to_catch_elvis_for/,seKer82,0,2010-12-02 01:31:32,6,/r/Music/comments/eeu99/til_the_glee_cast_is_about_to_catch_elvis_for/,NaN
eha0q,"Glee Cast Performs ""Don't Stop Believin'"" on The X Factor",http://entertainment.gather.com/viewArticle.action?articleId=281474978764732,meredithjj,1,2010-12-06 22:37:25,0,/r/Music/comments/eha0q/glee_cast_performs_dont_stop_believin_on_the_x/,NaN
eio8p,Glee cast covers Florence and the Machine!,http://www.youtube.com/watch?v=RHIvGwUQFqw,tmolyneaux,0,2010-12-09 02:33:46,0,/r/Music/comments/eio8p/glee_cast_covers_florence_and_the_machine/,NaN
fnzny,The cast of Glee now more popular then Elvis and The Beatles.  Thanks Billboard,"http://www.avclub.com/articles/glee-cast-now-has-more-hits-than-elvis,52035/",Timtankard,0,2011-02-18 17:12:07,1,/r/Music/comments/fnzny/the_cast_of_glee_now_more_popular_then_elvis_and/,NaN
g6tfn,TIL that the artist/group in history to have the most singles that have charted on Billboard's Hot 100 is someone called 'Glee Cast'.,http://en.wikipedia.org/wiki/List_of_Billboard_Hot_100_chart_achievements_and_milestones#Most_Hot_100_entries,soccerkid_723,0,2011-03-19 01:25:13,0,/r/Music/comments/g6tfn/til_that_the_artistgroup_in_history_to_have_the/,NaN
mb2it,Glee Cast - Uptown Girl [Pop] (SUCH A GUILTY PLEASURE!),http://www.reddit.com/r/Music/comments/mb2it/glee_cast_uptown_girl_pop_such_a_guilty_pleasure/,[deleted],0,2011-11-13 21:42:15,0,/r/Music/comments/mb2it/glee_cast_uptown_girl_pop_such_a_guilty_pleasure/,NaN
mb34i,Glee Cast - Uptown Girl [Pop],http://www.youtube.com/watch?v=lSDqzbN2-zo&amp;feature=related,[deleted],0,2011-11-13 21:59:08,0,/r/Music/comments/mb34i/glee_cast_uptown_girl_pop/,NaN
oqoa4,All I Want for Christmas Is You (Glee Cast Version) â€“ Glee Cast :: Crygi.com,http://www.crygi.com/2011/11/all-i-want-for-christmas-is-you-glee-cast-version-glee-cast/?replytocom=547,bluke8,1,2012-01-21 21:58:38,0,/r/Music/comments/oqoa4/all_i_want_for_christmas_is_you_glee_cast_version/,NaN
oy8mo,"Glee Cast We Found Love Free MP3 Download, Video, Lyrics",http://mp3ons.com/download-Glee-Cast-we-found-love-mp3.html,netconnect,1,2012-01-26 22:38:40,0,/r/Music/comments/oy8mo/glee_cast_we_found_love_free_mp3_download_video/,NaN
oyt4g,Duwende - Michael Jackson Medley's - {These guys &gt; Glee Cast} ,http://www.youtube.com/watch?v=f7_EOSX2xoE&amp;feature=share,razihk,2,2012-01-27 06:08:55,0,/r/Music/comments/oyt4g/duwende_michael_jackson_medleys_these_guys_glee/,NaN
tcv2m,Rumour Has It by Glee Cast,http://www.soundcat.ch/?rjahg#Rumour%20Has%20It%20Someone%20Like,mucp,1,2012-05-08 13:03:32,0,/r/Music/comments/tcv2m/rumour_has_it_by_glee_cast/,NaN
u6v4j,The Glee Cast is now the best-charting artist in the history of the US,http://en.wikipedia.org/wiki/List_of_best-charting_music_artists_in_the_U.S.#List_of_best-charting_music_artists_in_the_United_States,[deleted],1,2012-05-27 03:43:06,4,/r/Music/comments/u6v4j/the_glee_cast_is_now_the_bestcharting_artist_in/,NaN
zrfv4,Glee Cast - Chasing Pavement Lyrics,http://www.rickybadboy.com/2012/09/glee-cast-chasing-pavement-lyrics.html,RICKYBADBOY,1,2012-09-12 12:11:32,0,/r/Music/comments/zrfv4/glee_cast_chasing_pavement_lyrics/,NaN
132ryk,Just The Way You Are (Glee Cast Version) - Glee Cast - Free MP3 Download,http://www.musicnd.com/mp3-download/KS5FF/just-the-way-you-are-%28glee-cast-version%29-glee-cast.html,behtp,1,2012-11-12 19:24:27,0,/r/Music/comments/132ryk/just_the_way_you_are_glee_cast_version_glee_cast/,NaN
159xgl,"""O Holy Night"" - Glee Cast",https://www.youtube.com/watch?v=1H4xtRY9V7I,kushswag420,0,2012-12-22 09:46:31,0,/r/Music/comments/159xgl/o_holy_night_glee_cast/,NaN
2z9i9v,"The Glee cast covered Hozier's ""Take Me To Church""",http://youtu.be/J4jG8cR7y9c,[deleted],1,2015-03-16 19:15:11,1,/r/Music/comments/2z9i9v/the_glee_cast_covered_hoziers_take_me_to_church/,NaN
2z9jnd,Glee Cast- Take Me To Church (cover) [rock],http://youtu.be/J4jG8cR7y9c,[deleted],2,2015-03-16 19:25:10,1,/r/Music/comments/2z9jnd/glee_cast_take_me_to_church_cover_rock/,NaN
2zztk2,GLEE Cast - This Time (Full Performance) [Pop] [2015],https://www.youtube.com/watch?v=ieUPxz25glg,Music--Maniac,1,2015-03-23 09:07:18,0,/r/Music/comments/2zztk2/glee_cast_this_time_full_performance_pop_2015/,Stream
3a9u3a,Get your Glee songs on with the Glee Cast!,https://www.incustunes.com/artist/315816847/Glee-Cast,incustunes,1,2015-06-18 11:04:14,0,/r/Music/comments/3a9u3a/get_your_glee_songs_on_with_the_glee_cast/,NaN
boa736,"GLEE CAST ((LEA MICHELE - RACHEL BERRY)) ~~ ""Make You Feel My Love"" [[Music Video]] [[Performance]]",https://youtu.be/z-uLll_cZHs,cdawghsmfreak4853591,2,2019-05-13 22:22:26,0,/r/Music/comments/boa736/glee_cast_lea_michele_rachel_berry_make_you_feel/,video
