,ID,User,Follower Count,Tweet,Created At,Favourite Count,Retweet Count
0,1522259973962489865,Olding,189,"Just learned, courtesy of @almanac, that #Billboard magazine began weekly publication OTD in 1900. I had no idea it had been around that long!",2022-05-05 17:00:34,0,0
1,1522259569640095746,ìë„¬ë¼ #LoveSTAY~â˜»,593,"Can't stop listening to 
#MANIAC_SKZ by  #straykids #ìŠ¤íŠ¸ë ˆì´í‚¤ì¦ˆ from #ODDINARY  aoty clearly #Billboard #1",2022-05-05 16:58:58,0,0
2,1522257782199701504,Ciappy DJ,381,"Neo SOUL ğŸ¥ƒ RnB 2K22
#wearesoul #soul #neosoul #rnb #soulful #motown #funk #funkysoul #outnow #beatfire #billboard #dancers #randb #soulmusiclovers #blackmusic #newmusic #soulmusic #music #hiphop #rnbmusic #singer 

Listen/Save/Submit your music...
 https://t.co/ewe6mUOC5I https://t.co/TvBr0gifHQ",2022-05-05 16:51:52,0,0
3,1522255627707465729,SÃ¯bTâ‚©à¥°dollaboyzCeO DiğŸš€k Pet ğŸ’…ğŸ¼,88,#Ad #PObox #billboard #MailRoom #USPC https://t.co/hfM3NslSUJ,2022-05-05 16:43:18,0,0
4,1522253763393765377,R. D.,546,"The poor soul that just washed his car, and then a bird POOPS on his sparkling clean car. WHAT IS HE GOING TO DO? Go to Delta Sonic car wa  #Birdpoop #Poop #Dirty #Clean #Carwash #Billboard #Ad #Advertising #Advertisement https://t.co/DnBV0zmESD",2022-05-05 16:35:53,0,0
5,1522251033258475520,dianbroekn,13,"Where are @DNC Ads - where are @POTUS #Billboards - #Roosevelt plastered signs everywhere for the #NewDeal - ALL Americans knew what the Pres. did for them personally &amp; it was wildly popular - @POTUS get your #BillBoard PR on. Ads reach targets, billboards reach everyone.",2022-05-05 16:25:03,1,0
6,1522250666625884160,Robbie,152,"Aldo Nova, Aldo Nova. #10 40 years ago this week on the Billboard album chart. Peaking at #8. #music #40yearsago #billboard #us #aldonova https://t.co/1Vkued8K42",2022-05-05 16:23:35,0,0
7,1522250334864699392,Ed Namrok,536,#hatebreed #metal #hardcore #heavymetal #anthrax #jameyjasta #slipknot #tattootheearth #art #biohazard #blacklabelsociety #guitarist #hatebreedofficial #heavymetalmusic #metalcore #ringworm #100demons #adamusic #altrockmusic #atthegates #b #billboard #billboardcharts https://t.co/balEWGoFen,2022-05-05 16:22:16,0,0
8,1522248345074421762,Ramiroquai,278,"In her career, Adele has sold more than 120M records becoming one of the world's best-selling music artists. She has also received 325 nominations winning 151. Some of her awards are 1 #Oscars, 5 #AMAS, 19 #Billboard, 1 #GoldenGlobes, 15 #Grammys &amp; 16 #GuinnessWorldRecord!ğŸ˜±ğŸ‘",2022-05-05 16:14:22,0,0
9,1522245830228561923,Top 20 Charts,113,"The most voted Celebrity for the best MetGala dress on the #Billboard site.

1.@NICKIMINAJ(48.72 %)
2.#Others (16.72)
3.#Annita (13.79)
4.@katyperry (6.97%)
5.@iamcardib (6.08%)
6.@billieeilish 1.28%
7.@Camila_Cabello 1.18%
8.@Normani 1.01%
9.@oliviarodrigo 0.56%
10.@lizzo 0.45% https://t.co/skH76DDWb1",2022-05-05 16:04:22,0,0
10,1522245638813011969,CM,11883,"ğŸ”¥Â¡SALIÃ“ EL TOP 10 DE LOS BILLBOARD HOT 100 ARGENTINA! ğŸ”¥
ğŸ‘‰ Â¿EstÃ¡ tu artista favorito?

@BillboardArg  #PauloLondra #Emilia #HarryStyles  #WOS #MariaBecerra #NickiNicole #TiagoPZK #duki #Billboard #SofiaReyes #NahuelPenisi #LitKillah https://t.co/wObRaqvkF9",2022-05-05 16:03:36,1,0
11,1522244762098618369,BillboardHub,5,"ğŸ‰ CUSTOMER SPOTLIGHT ğŸ‰

Xplornet Communications Inc. is an internet provider to rural Canadians. They are the BIGGEST rural fixed wireless broadband service provider in the country.

Did you know? Their head office is in Woodstock, NB!

#CustomerSpotlight #OOH #DOOH  #Billboard https://t.co/bllWYGo83R",2022-05-05 16:00:07,0,0
12,1522243913171488768,ğ—ğ—¼ğ—¿ğ—²ğ™•ğ™ğ™£,9301,"#StrayKids, #BTS, #NCTDREAM, #BLACKPINK, #TXT Ve #NCT127; #Billboard'un DÃ¼nya AlbÃ¼mleri Listesi'nde Ãœst SÄ±ralarda Yer AlÄ±yor

#WorldAlbums

https://t.co/YwmjSoYZby",2022-05-05 15:56:45,3,0
13,1522243038139109376,Carlos Andrade,9180,"ğŸ–¤ Finally Enough Love: 50 Number Ones â€“ 3CD Set

â¤ï¸ @Madonna made history once again when she topped the Dance Club Songs chart for the 50th time, making her the first and only recording artist to have 50 #1 hits on any single #Billboard chart.

ğŸ§#MusicNews #Madonna https://t.co/Qy7C95Fzgj",2022-05-05 15:53:16,7,2
14,1522242676510261248,The_TunesClub,668,"Madonna gets that she hasnâ€™t always done things the way the church might prefer.

#Madonna 

Source: #Billboard https://t.co/7O7hySDZr1",2022-05-05 15:51:50,1,0
15,1522240321115107329,29-06.eth,548,The tinies conquered the times square too #timessquare #NewYorkCity #rawr #Billboard https://t.co/mFsBzckjWk,2022-05-05 15:42:29,3,0
16,1522239891580542976,MoneyBaby XO,376,#tbt #billboard with Ace Drucci â€˜In Dat Coupeâ€™ @AceDrucci https://t.co/iTA64xj75y,2022-05-05 15:40:46,0,0
17,1522237919095836677,Shauna Alexander,1560,"Super pumped to be hitting the road next week for the @MusicBizAssoc Conference in Nashville 5/9-5/12. And then it's off to Vegas for @billboard's #MusicCon from 5/13-5/15!

I would love to connect with folks in either location! Drop me a DM. #musicbusiness #billboard #networking https://t.co/YgdZQfOC9L",2022-05-05 15:32:56,11,1
18,1522229733777448960,TWILO,263,"welcome to my 1 hour Dj mix of the top hits on the billboard charts!

Wishing everyone an amazing time &amp; here are my remixes!! enjoy

Tracks:
Good 4 u - Olivia rmx
Levitating - Dua rmx
Beggin' - Maneskin rmx
Abcdefu - Gayle rmx

#billboard
https://t.co/j0LXz4rv8q",2022-05-05 15:00:24,0,0
19,1522228444041400320,MPC Insights,1023,"All South Korean men between the ages of 18-28 are required to serve in the nationâ€™s military for at least 18 months.

#BTS  

Source: #Billboard https://t.co/yA3ienZRYk",2022-05-05 14:55:17,1,0
20,1522226774049918978,ã¦ã£ã¡è¡£è£…éƒ¨,2654,"Sweater,Hoodie
CELINE

Sneaker
HermÃ¨s

2022.5.2&amp;3
Tetsuya Komuro 
ã€ŒHIT FACTORY #1ã€è¿½åŠ å…¬æ¼”
at Billboard Live YOKOHAMA
Rehearsal ğŸ¹

OFF SHOTã¯ã“ã¡ã‚‰ã§ğŸ’
å°å®¤å“²å“‰ @Ss8hHtjFKI7IU4T 
Twitterã‚ˆã‚Š

#TetsuyaKomuro
#å°å®¤å“²å“‰
#billboardliveyokohama
#billboard
#ã¦ã£ã¡è¡£è£…éƒ¨ https://t.co/6YgEhvpNbS",2022-05-05 14:48:39,35,9
21,1522225216440602627,MPC Insights,1023,"Olivia Rodrigo could not pass up the opportunity to talk about Mondayâ€™s shocking leak of a draft opinion penned by Supreme Court justice Samuel Alito arguing that the landmark 1973.

#OliviaRodrigo  

Source: #Billboard https://t.co/QKPjSNLLoT",2022-05-05 14:42:27,1,0
22,1522223540493336581,Red Rock Outdoor,446,"Quit whining, start wining ğŸ·
Get ready for the weekend with Stella Rosa ğŸ‘ğŸ˜‰

#stellarosa #peach #wine #redrockoutdoor #ooh #advertising #billboard #outdooradvertising #nyc #barclayscenter #bhfyp @ Barclays Center https://t.co/FQUPLK5E42",2022-05-05 14:35:48,0,0
23,1522220857736658948,SÃ¯bTâ‚©à¥°dollaboyzCeO DiğŸš€k Pet ğŸ’…ğŸ¼,88,#MoonKnight #ad #billboard #StreamFinalE #DisneyWorld https://t.co/3rFCh4OzSF,2022-05-05 14:25:08,0,0
24,1522220146185539586,SÃ¯bTâ‚©à¥°dollaboyzCeO DiğŸš€k Pet ğŸ’…ğŸ¼,88,#Ad #Dior #jhonnyDepp #Billboard #Atari https://t.co/u1Q6ux3Skp,2022-05-05 14:22:18,0,0
25,1522217082477182976,The Corporatethief Beats,6646,ğŸ“Video Content Strategy: From YouTube to Short-Form Social https://t.co/BVDdQ651F4 #coversong #newalbum #musician #rappers #singer #billboard ğŸ“,2022-05-05 14:10:08,2,0
26,1522216755585634304,Noticentro13RD,2142,"Karol G vuelve a marcar un hito en su carrera. La colombiana se convierte en la segunda mujer, despuÃ©s de Selena, en ocupar lista Hot Latin Songs de Billboard los nÃºmeros 1 y 2 al mismo tiempo desde 1995.
#KarolG
#Billboard
#Noticentro https://t.co/rZEHnc9fuz",2022-05-05 14:08:50,0,0
27,1522212564360318982,éˆ´æœ¨å¥å¤ª D.W.ãƒ‹ã‚³ãƒ«ã‚º,5487,"ç”²æ–ã‚ˆã—ã²ã‚ Billboard Live Osakaï¼ãƒ„ã‚¢ãƒ¼åˆæ—¥ã‚’çµ‚ãˆã¾ã—ãŸã€‚ã¨ã¦ã‚‚æ¥½ã—ã‚ã¦ã¾ã™ã€‚è‰¯ã„ã‚¹ã‚¿ãƒ¼ãƒˆãŒåˆ‡ã‚Œã¾ã—ãŸã€‚ã‚ã‚ŠãŒã¨ã†ã”ã–ã„ã¾ã™ã€‚ãã—ã¦ã“ã“ã‹ã‚‰ã‚ˆã‚ã—ããŠé¡˜ã„ã—ã¾ã™ï¼
#ç”²æ–ã‚ˆã—ã²ã‚ #dw25 #Billboard #å¤§é˜ª https://t.co/ZdimtGpcH6",2022-05-05 13:52:11,115,4
28,1522210380034232322,saysseismik,3816,"""Ya, RichWorks memang 'skim cepat kaya,"" - Azizan Osman

#richworks #skimcepatkaya #billboard

https://t.co/hQh2tuGO3i",2022-05-05 13:43:30,0,0
29,1522206205665497088,WILLPOWERENT,9535,"@JavierE08228863 #RickyRikkardo releases highly-anticipated video for single â€˜Mona Lisaâ€™ featuring #JimJones: Watch 
https://t.co/DH0jZoegKk 
#MTV #Billboard #BET #VH1 #HOT97 #WORLDSTAR #XXL  @Wp @willpowerentllc 
#2DOPEBOYZ #RapUp #Earmilk #AllHipHop #HotNewHipHop #SOHH #LAonLock #HipHopWired",2022-05-05 13:26:55,0,0
30,1522204845956124678,SÃ¯bTâ‚©à¥°dollaboyzCeO DiğŸš€k Pet ğŸ’…ğŸ¼,88,#Ad #Billboard ğŸ https://t.co/gVIAQjfKDx,2022-05-05 13:21:31,0,0
31,1522203864425910274,Match Advertising,1379,"#Billboard Jl. Kertajaya Indah Timur no. 100 (ke  Jl. IR. Soekarno), Surabaya Timur
#matchadvertising #matchadonline #reklameindonesia #oohadsindonesia #wiklanindonesia #blinkzap #showusid #twitter #ReklameSurabaya #AdvertisingSurabaya #BillboardSurabaya
https://t.co/EJGUdOD50j",2022-05-05 13:17:37,0,0
32,1522202756261597184,From Elvis In Memphis,2289,"Today in 1973, #ElvisPresleyâ€™s #AlohaFromHawaii LP hits #1 in @billboard magazine.

It was #Elvisâ€™s first #1 since #Roustabout in 1964 &amp; the final one of his lifetime.

On October 12, 2002, #ELV1S: #30NumberOneHits was his first album to debut at #1 on the #Billboard charts. https://t.co/X4VQWnhhGn",2022-05-05 13:13:12,48,6
33,1522190419387293696,digitalsmartitframe,6,"Donâ€™t say anything online that you wouldnâ€™t want plastered on a billboard with your face on it

Visit Us : https://t.co/2ubvddw1kW
Contact : +91 7299004123

#digitalsmartit #branding #billboard #design #brand https://t.co/Gw12omOu9v",2022-05-05 12:24:11,0,0
34,1522190134363697154,ã‘ãŠã‚Šã‚“ğŸ§¸ãƒ†ãƒ†ã‚‚ã‚‚ã®ä½äººâ˜†*Â°,258,"Billboardå‡ºæ¼”ã™ã‚‹ã‚“ã‹ãªï¼Ÿ
15æ—¥ã‚„ã£ãŸã‚‰
ãã‚ãã‚æ¸¡ç±³ã‚„ã‚“ã‹*â‹†âœˆ
å¿™ã—ã™ãã‚‹ãªã€‚ã€‚

#BTS
#BBMAs #Billboard https://t.co/m8LAoKPB17",2022-05-05 12:23:03,11,3
35,1522185717392510976,Ó´,89,"8æ—¥2nd19ï¼š30ã‚¹ã‚¿ãƒ¼ãƒˆã®Billboard TokyoåŒä¼´ãƒã‚±ãƒƒãƒˆ1æšãŠè­²ã‚Šè‡´ã—ã¾ã™ã€‚
ãƒ‰ã‚»ãƒ³Så¸­ã§ã™ğŸ’™
MIYAVIã‚’é–“è¿‘ã§è¦‹ãŸã„æ–¹ãœã²ğŸ’«âœ¨
 #MIYAVI
 #Billboard
MIYAVI Billboard Live 2022 https://t.co/z7fi6TzpFg #0",2022-05-05 12:05:30,1,0
36,1522184140380119040,The Pink Flamingos,1700,"#NewRelease ""Holiday in L.A."" #itunes #MondayMorning #Mondayvibes  #Monday #Mondaythought #Cartoon #AppleMusic #Amazon #AmazonMusic #TikTok #Spotifyplaylist #NewMusic #Reverbnation #Pop #Top40 #Billboard #BillboardNews #LosAngeles #California #Hollywood https://t.co/mVIaDbb7Gt https://t.co/Y2IjLbEq7Q",2022-05-05 11:59:14,2,0
37,1522182587912966145,TheDarkOfficial,4402,"Very pleased to announce this week our single MR. MACABRE breaks top 25 on #Billboard and Top 15 on Foundations Chart!

Thanks for your love and support ğŸ¤Ÿ

#Newmusic #rockmusic #Metal https://t.co/y0jU9qjiI5",2022-05-05 11:53:04,3,0
38,1522181943756046339,"BIGTIME RADIO, TV & ENTERTAINMENT",2076,"Rita Ora - Soul Survivor #bigtimeradio https://t.co/N76xPoatRr @Charlie_Cawood @BigTimeRadio1 @bigtime_news
 on #Amazon Echo &amp; App https://t.co/c7cZfm4MQo  #Top40 #Music 247 #Worldwide 3 #Radio #Stations 43 #Countries #Interviews #Billboard https://t.co/JiPHr6jZyC  #SUBMI",2022-05-05 11:50:30,1,1
39,1522179455296614400,SKY THAILAND ğŸ‡¹ğŸ‡­ğŸ‡»ğŸ‡³,1893,"ğŸ“Š Billboard VN Hot100
 
ğŸ—“ï¸ 05/05/2022 
#2 There's no one at all
#21 Muá»™n Rá»“i MÃ  Sao CÃ²nğŸ”º2
#36 ChÃºng Ta Cá»§a Hiá»‡n Táº¡i â–

à¸•à¸£à¸§à¸ˆà¸ªà¸­à¸šà¸Šà¸²à¸£à¹Œà¸•à¹€à¸à¸´à¹ˆà¸¡à¹€à¸•à¸´à¸¡ğŸ‘‡
https://t.co/spbrlJXEmJ

#SonTungMTP #Vpop #billboardvietnam #billboard https://t.co/Ss1FC4x9lw",2022-05-05 11:40:37,2,12
40,1522175937923944448,Vantage Advertising,1209,#HoardingAdvertising @Mumbai CP Tank â˜ 9500005749 #ooh #ads #billboard #advertising #outdoorads #outdooradvertising #lithoarding #hoardingadvertising #oohadvertising #outdoorservice #serviceprovider #billboardadvertising #creative #saledisplay #mybillbook #billbook #mumbaiads. https://t.co/zwp5hZ57Pq,2022-05-05 11:26:38,2,1
41,1522171003857928193,10velyshome,2,"Check out Tenâ€™s new song â€œpaint me nakedâ€
#HotTrendingSongs #musi #video #musicvideo #hiphop #applemusic #billboard #hiphophead #MayThe4thBeWithYou #spotify #playlist #luka #Trending #mavs #song #thursdayvibes #pumas #itunes #beat #rock

Watch fullğŸ‘‰ğŸ‘‰ https://t.co/B0GzG84QPa https://t.co/WL5f0WqfkG",2022-05-05 11:07:02,1,0
42,1522170115940229120,10velyshome,2,"Check out Tenâ€™s new song â€œBirthdayâ€
#HotTrendingSongs #musi #video #musicvideo #newmusic #hiphop #applemusic #billboard #hiphophead #MayThe4thBeWithYou #spotify #playlist #luka #Trending #mavs #song #hustle #thursdayvibes #pumas #swag #RealManCity 

https://t.co/pubRZ665IT",2022-05-05 11:03:30,0,0
43,1522169816588582913,10velyshome,2,"Check out Tenâ€™s new song â€œBirthdayâ€
#HotTrendingSongs #musi #video #musicvideo #newmusic #hiphop #applemusic #billboard #hiphophead #MayThe4thBeWithYou #spotify #playlist #luka #Trending #mavs #song #hustle #thursdayvibes #pumas

Watch fullğŸ‘‰ğŸ‘‰ https://t.co/XZJWOmrY8W https://t.co/5TJUAFahKv",2022-05-05 11:02:19,0,0
44,1522169210335637504,Ãšltimo Recurso,105,"Las dos a la final, obvio! Ayer hablamos de #CindyLauper y hoy le toca a @Madonna, que anunciÃ³ el lanzamiento de ""Finally Enough Love"", una colecciÃ³n de los 50 nÃºmeros 1 conseguidos en las ""Dance Club Songs"" de #Billboard. Para festejar, armamos un set perfecto para bailar... https://t.co/DjqLy9nMDh",2022-05-05 10:59:54,3,3
45,1522162659474485248,"BIGTIME RADIO, TV & ENTERTAINMENT",2076,"Mabel - Don't Call Me Up #bigtimeradio https://t.co/N76xPoatRr @Charlie_Cawood @BigTimeRadio1 @bigtime_news
 on #Amazon Echo &amp; App https://t.co/c7cZfm4MQo  #Top40 #Music 247 #Worldwide 3 #Radio #Stations 43 #Countries #Interviews #Billboard https://t.co/JiPHr6jZyC  #SUBMI",2022-05-05 10:33:53,1,1
46,1522155630169108481,"BIGTIME RADIO, TV & ENTERTAINMENT",2076,"Anne-Marie - Perfect to me #bigtimeradio https://t.co/N76xPoatRr @Charlie_Cawood @BigTimeRadio1 @bigtime_news
 on #Amazon Echo &amp; App https://t.co/c7cZfm4MQo  #Top40 #Music 247 #Worldwide 3 #Radio #Stations 43 #Countries #Interviews #Billboard https://t.co/JiPHr6jZyC  #SUBMI",2022-05-05 10:05:57,1,1
47,1522154388755779584,Graphic Warehouse,1,"TRADE ONLY Direct to Board  Printing - Aluminium Composite Board ACM, Dibond, Diabond

Any Shape, Any Size... No Minimum Order Quantity!

GET PRICES IN 10 SECONDS - https://t.co/ASDloP8wWV

#printing #billboard #printing #signage #signs #ACM #Dibond #tradeprint # https://t.co/uktK7Y7Deb",2022-05-05 10:01:01,0,0
48,1522151496351158272,"BIGTIME RADIO, TV & ENTERTAINMENT",2076,"Ed Sheeran - Sing #bigtimeradio https://t.co/N76xPoatRr @Charlie_Cawood @BigTimeRadio1 @bigtime_news
 on #Amazon Echo &amp; App https://t.co/c7cZfm4MQo  #Top40 #Music 247 #Worldwide 3 #Radio #Stations 43 #Countries #Interviews #Billboard https://t.co/JiPHr6jZyC  #SUBMI",2022-05-05 09:49:31,1,1
49,1522143273829249026,"BIGTIME RADIO, TV & ENTERTAINMENT",2076,"Katy Perry - Never Really Over #bigtimeradio https://t.co/N76xPoatRr @Charlie_Cawood @BigTimeRadio1 @bigtime_news
 on #Amazon Echo &amp; App https://t.co/c7cZfm4MQo  #Top40 #Music 247 #Worldwide 3 #Radio #Stations 43 #Countries #Interviews #Billboard https://t.co/JiPHr6jZyC  #SUBMI",2022-05-05 09:16:51,1,1
50,1522143098545274881,#4.5,177,"å›å³¶å¤§ç©ºÃ—çŸ³è‹¥é§¿ è‰¯ã„
#å¤–ã¯æ˜¥ã®å½¢ #Billboard #å›å³¶å¤§ç©º #çŸ³è‹¥é§¿",2022-05-05 09:16:09,0,0
51,1522136055591362560,Soul Treasure Records,688,"Neo SOUL ğŸ¥ƒ RnB 2K22 
#wearesoul #soul #neosoul #rnb #soulful #motown #funk #funkysoul #outnow #beatfire #billboard #dancers #randb #soulmusiclovers #blackmusic #newmusic #soulmusic #music #hiphop #rnbmusic Listen/Save/Submit your music...
 https://t.co/ykgWBhix8W https://t.co/6I4wLp9aUw",2022-05-05 08:48:10,0,0
52,1522126772757839872,TheIMCLab,731,"Wave Partners With OneOf to Distribute NFTs For Its Virtual Concerts 
https://t.co/SA6CeKsoD2

Metaverse-born artist and producer Teflon Sega will debut the program with a May 12 concert.
#teflonsega #wavexr #nft #metaverse #billboard #virtual #concert",2022-05-05 08:11:17,1,0
53,1522126667753603073,The_TunesClub,668,"Madonna is launching a new remix album featuring 50 tracks.

The 63-year-old superstar will celebrate the milestone with the release of career-spanning compilation 'Finally Enough Love: 50 Number Ones.'

#Madonna 

Credits- #billboard https://t.co/zBDIXRtfot",2022-05-05 08:10:51,2,1
54,1522110798394380289,ã¦ã£ã¡è¡£è£…éƒ¨,2654,"Shirt,Necklace,Belt,Shoes
Saint Laurent

2022.5.2&amp;3
Tetsuya Komuro 
ã€ŒHIT FACTORY #1ã€è¿½åŠ å…¬æ¼”
at Billboard Live YOKOHAMA
2nd stage ğŸ¡

#TetsuyaKomuro
#å°å®¤å“²å“‰
#å…ƒç¥–Vç³» ğŸ”¥
#billboardliveyokohama
#billboard
#ã¦ã£ã¡è¡£è£…éƒ¨ https://t.co/GrcPdgbfxP",2022-05-05 07:07:48,48,11
55,1522110353470935040,ã¦ã£ã¡è¡£è£…éƒ¨,2654,"Blouse,Tie,Shoes
Saint Laurent 

2022.5.2&amp;3
Tetsuya Komuro 
ã€ŒHIT FACTORY #1ã€è¿½åŠ å…¬æ¼”
at Billboard Live YOKOHAMA
1st stage ğŸ¤´ğŸ°ğŸ€

#TetsuyaKomuro
#å°å®¤å“²å“‰
#billboardliveyokohama
#billboard
#ã¦ã£ã¡è¡£è£…éƒ¨ https://t.co/7578huD31i",2022-05-05 07:06:02,91,22
56,1522109807808892928,Paulina Rubio á´á´‡xÉªá´„á´ ğŸ‡²ğŸ‡½,1032,#Billboard celebra el #CincodeMayo con una #playlist en #Spotify de las 20 canciones mÃ¡s representativas y la #ReinaDelPopLatino @PaulinaRubio se encuentra en el No. 2 con #ElUltimoAdios #5DeMayo https://t.co/m9ERqPg1I2 https://t.co/4O7HupMYQe,2022-05-05 07:03:52,18,0
57,1522106722155831296,Music Diary,3,"#JacksonWang  
#Billboard

Jackson Wangâ€™s Parents Thought Heâ€™d Get â€˜Kidnappedâ€™ When He Began Pursuing Music

Jackson Wang joined Kelly Clarkson on her TV show, where the ""Piece By Piece"" singer asked Wang about his history as an athlete.
Here's the link: https://t.co/DRRZ8xwULg https://t.co/DEzYq9YOMF",2022-05-05 06:51:36,0,0
58,1522102495543439360,10velyshome,2,"Check out Tenâ€™s new song â€œpaint me nakedâ€
#HotTrendingSongs #musi #video #musicvideo #newmusic #hiphop #applemusic #billboard #hiphophead #MayThe4thBeWithYou #spotify #playlist #luka #Trending #mavs #song #hustle #thursdayvibes #pumas

Watch fullğŸ‘‰ğŸ‘‰ https://t.co/Gy4d017m7n https://t.co/f0aXDAMJhy",2022-05-05 06:34:48,0,0
59,1522099241627570184,Lotus Media,655,"An important fact check for OOH advertising.

#targetaudience #weareheretohelp #ooh #otherservices #lotusmedia #bihar #advertisingagency #advertising #marketing #unipole #billboard #patna https://t.co/DBhn2fMJCs",2022-05-05 06:21:53,0,0
60,1522099171012247552,10velyshome,2,"Check out Tenâ€™s new song â€œBirthdayâ€
#HotTrendingSongs #musi #video #musicvideo #newmusic #hiphop #applemusic #billboard #hiphophead #MayThe4thBeWithYou #spotify #playlist #luka #Trending #mavs #song #hustle #thursdayvibes #pumas

Watch fullğŸ‘‰ğŸ‘‰ https://t.co/XZJWOmaV6W https://t.co/iaWLMECtjq",2022-05-05 06:21:36,0,1
61,1522089813519699968,ná»¯ from gÃºp4,1112,"@sontungmtp777 
#SonTungMTP #Billboard 
#TheresNoOneAtAll
#SKYMTP #SKY_HIGH https://t.co/yKBMtIGCOB",2022-05-05 05:44:25,3,7
62,1522089786932006913,ná»¯ from gÃºp4,1112,"@SkyHighh777 @sontungmtp777 Äá»‰nh ğŸ˜ 

@sontungmtp777 
#SonTungMTP #Billboard 
#TheresNoOneAtAll
#SKYMTP #SKY_HIGH",2022-05-05 05:44:18,1,4
63,1522089635136286720,SKY - HIGH,473,"[Update_BillboardVN]

Date: 05/05/2022

@sontungmtp777 
#SonTungMTP #Billboard 
#TheresNoOneAtAll
#SKYMTP #SKY_HIGH https://t.co/PUPs9ctG9Y",2022-05-05 05:43:42,25,37
64,1522086480319074304,"BIGTIME RADIO, TV & ENTERTAINMENT",2076,"Pale Waves - Heavenly #bigtimeradio https://t.co/N76xPoatRr @Charlie_Cawood @BigTimeRadio1 @bigtime_news
 on #Amazon Echo &amp; App https://t.co/c7cZfm4MQo  #Top40 #Music 247 #Worldwide 3 #Radio #Stations 43 #Countries #Interviews #Billboard https://t.co/JiPHr6jZyC  #SUBMI",2022-05-05 05:31:10,1,0
65,1522085946086227973,Filemon Jaroni,10,"Happy Birthday to Sir Bill Ward
05 May 1948, Age:74
Instrument:Vocals &amp; Drums
(Professional Career)
1967 - Mythology
1968 - Black Sabbath
1990 - Solo Works
#Blacksabbath #billward #Bluesrock #Heavymetal #Music #Songwriter #Popularmusic #billboard #Britishmusician #happybirthday https://t.co/MxX2i19TO6",2022-05-05 05:29:03,2,0
66,1522079089095417858,Suara Mas,148,"ORIGINAL LOGO 1/1 COLLECTION @rarible

Keep Calm and Hold Me (v1-11)

""Keep Calm and Play Vinyl v1"" #NFT series 
https://t.co/6m36hPbuE1

.
.
.

#NFTs #NFTIndonesia #NFTCommunity #NFTmusic #vinyl #vinylrecords #rarible #opensea #pop #rock #synthpop #laurabranigan #billboard https://t.co/ozwXBKkVbL",2022-05-05 05:01:48,5,3
67,1522077971170873349,onthisdayinpop,3545,"In honour of #Madonna's epic upcoming collection of #Billboard Dance chart number ones, here's a look back at her forward thinking #YouCanDance CD; a sequential mix of club classics, volume one! Always got time to shine a #Spotlight on this one...
https://t.co/nlP67bOlDG",2022-05-05 04:57:21,29,3
68,1522072094825189376,SÃ¯bTâ‚©à¥°dollaboyzCeO DiğŸš€k Pet ğŸ’…ğŸ¼,88,#Ad #Billboard #billy #Super-Bowl https://t.co/3Wzpuz4ATr,2022-05-05 04:34:00,0,0
69,1522069014859567104,Trb Feddy,15218,@adidasoriginals @songwhip @verified #adidas #CoinMarketCap #Phoenix #Radio #ChampionsLeague #Billboard 200 https://t.co/2BgoVw8Mcc,2022-05-05 04:21:46,0,0
70,1522064390186541056,ã€INFOã€‘æ¾ä¸‹å„ªä¹Ÿãƒ»å‰ç”°åºƒå¤§ãƒ»Timamiãƒ»Jay Uã€éå…¬å¼ã€‘,722,"ã€ #YOUYA ã€‘
@YOUYA_JETMUSIC

ï¼
ã‚¢ãƒ¼ã‚«ã‚¤ãƒ–é…ä¿¡ä¸­ğŸ“»
ï¼¼

ğŸ“»https://t.co/TnMwjw4l58 ã€Œæ‹ã¨éŸ³æ¥½ã®ãƒãƒƒãƒãƒ³ã‚°ã‚µãƒ—ãƒªã€

Host : RUNG HYANGï¼ˆ @rung_hyang  ï¼‰ 
Gest : YOUYA
â€»3/22æ”¾é€åˆ†
 
https://t.co/4bt1TgMr0Q 

#æ¾ä¸‹å„ªä¹Ÿ #Billboard #ã‚‹ã‚ã†ã«å‰£å¿ƒ #ãƒ´ã‚§ãƒ©ã‚­ãƒƒã‚« #ãƒŸãƒ¥ãƒ¼ã‚¸ã‚«ãƒ«JTR",2022-05-05 04:03:23,1,0
71,1522064138196774913,GAMI â·ğŸ’œãŒã¿ã¡ã‚ƒã‚“,1536,"I heard that #BTS_Proof was SOLD OUT on Target online in the U.S. in AN HOUR. Wow it is #BTS ğŸ’œThey and their fans #BTSARMY are so powerful like rocking this earth!
All of these sales are going to #billboard chart!? This power of physical CDs the U.S. didnâ€™t taste it for a while https://t.co/ahs0u2CmaJ",2022-05-05 04:02:23,0,1
72,1522062618365927424,Metaboard X,8,"Premium advertising should not only be for the privileged, it is for everybody.

#MetaboardX #MTBX #MetaboardXNFT #DecentralizedBillboard #Decentralized #Billboard #DigitalBillboard #Cryptocurrency #NFT #Blockchain #Cryptotrading #Bitcoin #NFTCommunity #NFTs #NFTGiveaway https://t.co/lntgLycduq",2022-05-05 03:56:21,1,0
73,1522057193666879488,âŸ¬âŸ­ ğŸ’œğŸ‘µğŸ»â· âŸ­âŸ¬,1280,I donâ€™t need a special gift from the Global purchase. My gift will be #1 on the US #Billboard! @BTS_twt #BTS_Proof #BTSARMY,2022-05-05 03:34:48,36,1
74,1522048997736726530,UrbanGloryMusicAssoc,927,Did you know that #Billboard looks at your social media presence? Learn how they track it! Join UGMA https://t.co/89EJHnu0mg #musicandarts,2022-05-05 03:02:14,0,0
75,1522048931777191936,Bandamax,1439086,"16 aÃ±os pasaron para que una mujer volviera a dominar el chart de regional mexicano en #Billboard ğŸ˜±

https://t.co/mSqrz6NWAh",2022-05-05 03:01:58,6,2
76,1522035622122295296,âŸ¬âŸ­ ğŸ’œğŸ‘µğŸ»â· âŸ­âŸ¬,1280,"If youâ€™re in the US, set your preferences. #BTS_Proof #BTSCOMEBACK2022 #Billboard #BTSARMY https://t.co/PAcBEVrUsL",2022-05-05 02:09:05,3,0
77,1522035065496158209,R. D.,546,"This is a 2012 photo of a Corona Extra beer billboard. 

Since the pandemic hit, I wonder if they have bee  #Coronabeer #CoronaExtra #Ad #Advertising #Advertisement #Sign #Popculture #Popularculture #Billboard #Billboards https://t.co/6pz2SC8Eld",2022-05-05 02:06:52,0,1
78,1522033914268712960,no_no_no,47,"#Predictions #Billboard #hot100 #top10
Billboard Hot 100 Early Predictions
#May_14th_2022
1. As It Was
2. First Class 
3. Wait For U (New)
4. Heat Waves
5. Big Energy 
6. Enemy
7. Puffin On Zootiez (New)
8. Stay 
9. Ghost 
10. Woman",2022-05-05 02:02:17,11,4
79,1522027949444067330,MHI Meaux Haus International,5,"#meauxhausint #harrystyles #music #thr #Thread #losangeles #hollywood  #BillboardNews #Billboard #miami #trending #vogue #Twitter #YouTube  #vegas
Be sure to keep a look out for Harry styles 3rd upcoming album  
"" #harryshouse "". Due out later this month... 
NEW SINGLE #AsItWas https://t.co/DokPj3amEt https://t.co/zjGnfS90QB",2022-05-05 01:38:35,0,0
80,1522027366901596160,sean murphy,309,I am VERY excited for this! I used to go to Strawberries and Coconuts (both separate record stores) every time @madonna released ANYTHING. I had hundreds of cassettes and cds and bought all the import maxis in nyc and Orlandoâ€¦ this is an EVENT! #madonna #Billboard #queen https://t.co/J2nq5u2mQD https://t.co/IPfiQ9cgCG,2022-05-05 01:36:16,0,0
81,1522026435233333249,SÃ¯bTâ‚©à¥°dollaboyzCeO DiğŸš€k Pet ğŸ’…ğŸ¼,88,#Ad #Billboard #NightmareOnElm #5vr https://t.co/9twSkXOsLH,2022-05-05 01:32:34,0,0
82,1522026158405169153,SÃ¯bTâ‚©à¥°dollaboyzCeO DiğŸš€k Pet ğŸ’…ğŸ¼,88,#Add #GTR #Ad #BILLBOARD https://t.co/JS78ijTAfj,2022-05-05 01:31:28,0,0
83,1522025669546418177,Jamai,716,"not alone. 

#TwentyThree is Euphoric.  Pre order a few copies and help me reach the #Billboard charts. And yes, itâ€™s actually 23 songs on this jawn.  LETS GOOOOOOOOOOOOOOO",2022-05-05 01:29:32,0,0
84,1522023886878953477,Add Me To Your Playlist,2,"@_mhadyyy and @_taking_risks_  Outta Bronx, NY drop â€œAnonymousâ€

Howâ€™s this sounding?!ğŸ§
Drop some commentsâœ”ï¸âœ”ï¸
ğŸ”¥ğŸ”¥ğŸ”¥orğŸ—‘ğŸ—‘ğŸ—‘

  #underground  #hiphop  #rap  #bronx  #lyrical  #trapmusic  #hiphopculture  #hiphopmusic  #rapmusic  #drill  #tiktok  #billboard  #nasebk #mhaddy https://t.co/Y1kNx2aYfV",2022-05-05 01:22:27,3,0
85,1522019785944489986,EPDiscomania,2,Nos gustarÃ­a felicitar a @OMAR_BIENN  por debutar en #billboard en la posicion numero 25 #bachata #Musica #FYP @Spotify @SpotifyLatino @AppleMusic @Deezer @billboardcharts https://t.co/GjS8SKHjv5,2022-05-05 01:06:09,0,0
86,1522018772428668931,sivertvnoticiasmty,419,"Un pastor demando a Kanye West por usar un sermÃ³n en el disco â€˜Dondaâ€™

#estadosunidos #espectÃ¡culos #billboard #kanyewest https://t.co/7CF1mMAIAl",2022-05-05 01:02:07,0,0
87,1522015720934100993,Today's Country Magazine,2239,"This week's #Billboard Canada Country Natonal Airplay Chart #50 - @Jeremy_Dallas_ - ""Honky Tonk World""",2022-05-05 00:50:00,0,2
88,1522015469271756802,Today's Country Magazine,2239,"This week's #Billboard Canada Country Natonal Airplay Chart #49 - @KelseaBallerini - ""Heartfirst"" - https://t.co/wafT5SpoI8",2022-05-05 00:49:00,1,2
89,1522015469183680512,CHAPEL THE AGENCY,4456,"Joe Chapel's
#MTV #VH1 #TheGrammys #Billboard #Oscars #TMZ #SpinMagazine #VMAs #Qmagazine #Varietymagazine #XXLmagazine #GRAMMYs
#RollingStonemagazine #Variety  #Voguemagazine #GQ #Sony #ExtraTV #TeenVogue #THEAGENCY #BritishGlamour #AccessHollywood https://t.co/8JoZOv9eo2",2022-05-05 00:49:00,1,1
90,1522015217634451463,Today's Country Magazine,2239,"This week's #Billboard Canada Country Natonal Airplay Chart #48 - @JustinColeMoore - ""With A Woman You Love"" - https://t.co/8VdYGnOERD",2022-05-05 00:48:00,0,2
91,1522014966131441664,Today's Country Magazine,2239,"This week's #Billboard Canada Country Natonal Airplay Chart #47 - @LadyA - ""What A Song Can Do"" - https://t.co/fLt8V20vPk",2022-05-05 00:47:00,2,2
92,1522014959231774728,CHAPEL THE AGENCY,4456,"Joe Chapel's ""Spanish Maiden""
#MTV #VH1 #TheGrammys #Billboard #Oscars #TMZ #SpinMagazine #VMAs #Qmagazine #Varietymagazine #XXLmagazine #GRAMMYs
#RollingStonemagazine #Variety  #Voguemagazine #GQ #Sony #ExtraTV #TeenVogue #THEAGENCY #BritishGlamour #AccessHollywood https://t.co/cxweG0kL0v",2022-05-05 00:46:58,0,0
93,1522014714322108416,Today's Country Magazine,2239,"This week's #Billboard Canada Country Natonal Airplay Chart #46 - @KennyChesney - ""Everyone She Knows"" - https://t.co/XHskEpGqIr",2022-05-05 00:46:00,1,2
94,1522014462726729728,Today's Country Magazine,2239,"This week's #Billboard Canada Country Natonal Airplay Chart #45 - @ParkerMcCollum - ""To Be Loved By You"" - https://t.co/NbwgdXPII8",2022-05-05 00:45:00,1,2
95,1522014211043434496,Today's Country Magazine,2239,"This week's #Billboard Canada Country Natonal Airplay Chart #44 - @AndrewHyattBand - ""Close To You"" - https://t.co/x46lAaqftk",2022-05-05 00:44:00,0,2
96,1522013959422812161,Today's Country Magazine,2239,"This week's #Billboard Canada Country Natonal Airplay Chart #43 - @StevenLeeOlsen - ""Nashville Or Nothing""",2022-05-05 00:43:00,1,3
97,1522013707726987264,Today's Country Magazine,2239,"This week's #Billboard Canada Country Natonal Airplay Chart #42 - @Parmalee - ""Take My Name"" - https://t.co/KtZLUJaMMC",2022-05-05 00:42:00,1,2
98,1522013455959556097,Today's Country Magazine,2239,"This week's #Billboard Canada Country Natonal Airplay Chart #41 - @RobynOttolini - ""Trust Issues"" - https://t.co/XojQkKY62f",2022-05-05 00:41:00,0,2
99,1522013204402089984,Today's Country Magazine,2239,"This week's #Billboard Canada Country Natonal Airplay Chart #40 - @Ernest615 ft. @MorganWallen - ""Flower Shops"" - https://t.co/4sjm6uaa3R",2022-05-05 00:40:00,3,2
100,1522012952756469761,Today's Country Magazine,2239,"This week's #Billboard Canada Country Natonal Airplay Chart #39 - @ZacBrownBand - ""Out In The Middle"" - https://t.co/6IvX5djzkB",2022-05-05 00:39:00,0,2
101,1522012700930449408,Today's Country Magazine,2239,"This week's #Billboard Canada Country Natonal Airplay Chart #38 - @KeithUrban - ""Nightfalls"" - https://t.co/rIxUHOGTEQ",2022-05-05 00:38:00,1,3
102,1522012449515311104,Today's Country Magazine,2239,"This week's #Billboard Canada Country Natonal Airplay Chart #37 - @CarrieUnderwood - ""Ghost Story"" - https://t.co/CbNVLgN0V5",2022-05-05 00:37:00,0,2
103,1522012197882241025,Today's Country Magazine,2239,"This week's #Billboard Canada Country Natonal Airplay Chart #36 - @LeeBrice - ""Soul"" - https://t.co/Sxi1rY0BoA",2022-05-05 00:36:00,3,2
104,1522011946152693762,Today's Country Magazine,2239,"This week's #Billboard Canada Country Natonal Airplay Chart #35 - @shantaiamusic - ""Broke To Brand New"" - https://t.co/paUxAwmOrj",2022-05-05 00:35:00,0,2
105,1522011694670655489,Today's Country Magazine,2239,"This week's #Billboard Canada Country Natonal Airplay Chart #34 - @musicjoshross - ""First Taste Of Gone""",2022-05-05 00:34:00,0,2
106,1522011442907598848,Today's Country Magazine,2239,"This week's #Billboard Canada Country Natonal Airplay Chart #33 - @Sachaofficial_ - ""We Did"" -https://t.co/saIv1pwndN",2022-05-05 00:33:00,4,3
107,1522011191224279045,Today's Country Magazine,2239,"This week's #Billboard Canada Country Natonal Airplay Chart #32 - @MorganWallen - ""Wasted On You"" - https://t.co/sWwQ2QxjcG",2022-05-05 00:32:00,2,2
108,1522010939553427457,Today's Country Magazine,2239,"This week's #Billboard Canada Country Natonal Airplay Chart #31 - @JamesBarkerBand - ""Wastin' Whiskey"" - https://t.co/5LNyOsCWPq",2022-05-05 00:31:00,3,3
109,1522010688780087296,Today's Country Magazine,2239,"This week's #Billboard Canada Country Natonal Airplay Chart #30 - @OldDominion - ""No Hard Feelings"" - https://t.co/CabBC3ERcm",2022-05-05 00:30:00,2,2
110,1522010436148809730,Today's Country Magazine,2239,"This week's #Billboard Canada Country Natonal Airplay Chart #29 - @ScottyMcCreery - ""Damn Strait"" - https://t.co/3b71icDxeB",2022-05-05 00:29:00,3,2
111,1522010184553406464,Today's Country Magazine,2239,"This week's #Billboard Canada Country Natonal Airplay Chart #28 - @ElleKingMusic @MirandaLambert - ""Drunk (And I Don't Wanna Go Home)"" - https://t.co/Vo1GlqWBX8",2022-05-05 00:28:00,1,2
112,1522009932735819777,Today's Country Magazine,2239,"This week's #Billboard Canada Country Natonal Airplay Chart #27 - @DeanBrody - ""I'd Go To Jail"" - https://t.co/QW3RXr3k5n",2022-05-05 00:27:00,0,2
113,1522009681262170114,Today's Country Magazine,2239,"This week's #Billboard Canada Country Natonal Airplay Chart #26 - @Tebey - ""What Was I Drinking"" - https://t.co/QKbSoXdSiN",2022-05-05 00:26:00,0,2
114,1522009429427646464,Today's Country Magazine,2239,"This week's #Billboard Canada Country Natonal Airplay Chart #25 - @JonPardi - ""Last Night Lonely"" - https://t.co/61rMraKFcZ",2022-05-05 00:25:00,1,2
115,1522009177861738497,Today's Country Magazine,2239,"This week's #Billboard Canada Country Natonal Airplay Chart #24 - @MirandaLambert - ""If I Was A Cowboy"" - https://t.co/7eNKMg8AvZ",2022-05-05 00:24:00,4,4
116,1522008926396461057,Today's Country Magazine,2239,"This week's #Billboard Canada Country Natonal Airplay Chart #23 - @GordBamford - ""Drink Along Song"" - https://t.co/PzedY0pTcP",2022-05-05 00:23:00,0,2
117,1522008674549460992,Today's Country Magazine,2239,"This week's #Billboard Canada Country Natonal Airplay Chart #22 - @TimHicksMusic - ""Whiskey Does"" - https://t.co/oEXsNpTfis",2022-05-05 00:22:00,0,2
118,1522008422996140032,Today's Country Magazine,2239,"This week's #Billboard Canada Country Natonal Airplay Chart #21 - @CarlyPearce @AshleyMcBryde - ""Never Wanted To Be That Girl"" - https://t.co/EuOFwEbKmZ",2022-05-05 00:21:00,1,2
119,1522008171304288256,Today's Country Magazine,2239,"This week's #Billboard Canada Country Natonal Airplay Chart #20 - @TheReklaws ft. @JakeOwen - ""11 Beers"" - https://t.co/WjsOABXesu",2022-05-05 00:20:00,2,2
120,1522007919566503937,Today's Country Magazine,2239,"This week's #Billboard Canada Country Natonal Airplay Chart #19 - @Jason_Aldean - ""Trouble With A Heartbreak"" - https://t.co/efXQuAMLrF",2022-05-05 00:19:00,3,2
121,1522007812284551170,Paola Avalos,82,"#FUNFACT Ã¡lbumes Latinos â•exitosos de artistas femeninas de todos los tiempos en la lista #TopLatinAlbums de #Billboard:

1Âº Mi Tierra: 58w en #1
2Âº Dreaming of You: 44w en #1
3Âº Amor Prohibido: 20w en #1
4Âº #MiReflejo: 19w en #1
5Âº FijaciÃ³n Oral Vol. 1: 17w en #1 https://t.co/KwmN1H4gQQ",2022-05-05 00:18:34,3,1
122,1522007667820187650,Today's Country Magazine,2239,"This week's #Billboard Canada Country Natonal Airplay Chart #18 - @HardyMusic - ""Give Heaven Some Hell"" - https://t.co/0A6BuvehWN",2022-05-05 00:18:00,2,2
123,1522007416191078401,Today's Country Magazine,2239,"This week's #Billboard Canada Country Natonal Airplay Chart #17 - @TylerJoeMiller - ""Wild As Her"" - https://t.co/OqlXxC6qW1",2022-05-05 00:17:00,0,2
124,1522007164788879362,Today's Country Magazine,2239,"This week's #Billboard Canada Country Natonal Airplay Chart #16 - @LukeBryan - ""Up"" - https://t.co/er6FmIWK6r",2022-05-05 00:16:00,0,2
125,1522007043938344961,dkpomusicnet,84,#billboard Resalta el nuevo lanzamiento de @karolg https://t.co/Fs7pI1b5aN,2022-05-05 00:15:31,0,0
126,1522006913050824704,Today's Country Magazine,2239,"This week's #Billboard Canada Country Natonal Airplay Chart #15 - @HighValley - ""Whatever It Takes"" - https://t.co/8pGufYVNpK",2022-05-05 00:15:00,1,2
127,1522006661245902848,Today's Country Magazine,2239,"This week's #Billboard Canada Country Natonal Airplay Chart #14 - @AaronGoodvin - ""Lucky Stars"" - https://t.co/PvdNbI7R8G",2022-05-05 00:14:00,4,4
128,1522006409721925632,Today's Country Magazine,2239,"This week's #Billboard Canada Country Natonal Airplay Chart #13 - @MacKenziePMusic - ""Pickup"" - https://t.co/iPSuN4yCfp",2022-05-05 00:13:00,0,2
129,1522006158017384448,Today's Country Magazine,2239,"This week's #Billboard Canada Country Natonal Airplay Chart #12 - @JakeOwen - ""Best Thing Since Backroads"" - https://t.co/vxHXHpm4qo",2022-05-05 00:12:00,0,2
130,1522006107526467584,Beyond Reproach Ent.,1189,https://t.co/w7ENVnqdx8 #365Fridays Pressure â€¼ï¸ â€œHOE SHITâ€ by @1boombaye ğŸ’£ Hit da link up top for da whole thangâœ… #newmusic every Friday All 2022ğŸ¥Š #youtube #explorepage #radio #independentartist #musicindustry #beats #rappers #soundcloud #atlanta #producers #bhfyp #billboard https://t.co/xV1079zJ6p,2022-05-05 00:11:48,1,0
131,1522005906241769473,Today's Country Magazine,2239,"This week's #Billboard Canada Country Natonal Airplay Chart #11 - @JadeEagleson - ""She Don't Know"" - https://t.co/WNKV0nxnkv",2022-05-05 00:11:00,0,2
132,1522005654629666816,Today's Country Magazine,2239,"This week's #Billboard Canada Country Natonal Airplay Chart #10 - @TenilleTownes - ""When's It Gonna Happen"" - https://t.co/0YxgYdlLRA",2022-05-05 00:10:00,0,2
133,1522005402929434624,Today's Country Magazine,2239,"This week's #Billboard Canada Country Natonal Airplay Chart #9 - @MarenMorris - ""Circles Around This Town"" - https://t.co/y7zxPSYMpA",2022-05-05 00:09:00,1,2
134,1522005151313055744,Today's Country Magazine,2239,"This week's #Billboard Canada Country Natonal Airplay Chart #8 - @WalkerHayes - ""AA"" - https://t.co/AvExrrSrw8",2022-05-05 00:08:00,1,2
135,1522004899642417154,Today's Country Magazine,2239,"This week's #Billboard Canada Country Natonal Airplay Chart #7 - @DallasSmith - ""Hide From A Broken Heart"" - https://t.co/h289Ds8lKi",2022-05-05 00:07:00,0,2
136,1522004648068104192,Today's Country Magazine,2239,"This week's #Billboard Canada Country Natonal Airplay Chart #6 - @TheTimMcGraw - ""7500 OBO"" - https://t.co/1vznptPE1r",2022-05-05 00:06:00,2,2
137,1522004396598435841,Today's Country Magazine,2239,"This week's #Billboard Canada Country Natonal Airplay Chart #5 - @ThomasRhett - ""Slow Down Summer"" - https://t.co/AL88AasiY6",2022-05-05 00:05:00,0,2
138,1522004145036795912,Today's Country Magazine,2239,"This week's #Billboard Canada Country Natonal Airplay Chart #4 - @BlakeShelton - ""Come Back As A Country Boy"" - https://t.co/ikTumIOVZg",2022-05-05 00:04:00,17,7
139,1522003893621694464,Today's Country Magazine,2239,"This week's #Billboard Canada Country Natonal Airplay Chart #3 - @ColeSwindell &amp; @LaineyWilson - ""Never Say Never"" - https://t.co/qIY9UdPufI",2022-05-05 00:03:00,4,1
140,1522003641665679360,Today's Country Magazine,2239,"This week's #Billboard Canada Country Natonal Airplay Chart #2 - @LukeCombs - ""Doin' This"" - https://t.co/qOLlkZGKj5",2022-05-05 00:02:00,1,1
141,1522003389919363073,Today's Country Magazine,2239,"This week's #Billboard Canada Country Natonal Airplay Chart #1 - @CodyJohnson - ""Til You Can't"" - https://t.co/mKDidjpcU5",2022-05-05 00:01:00,1,1
142,1521984092014841857,Corby Sylvester,916,@dianehayward7 @WinFieldCanada #billboard,2022-05-04 22:44:19,0,0
143,1521975362397237248,Rene Toledo Jr.,1904,Got out early for the first time in a longggg time! Went straight to the gym! #workout #warrior #workaholic #live #sound #audio #engineer #grammy #billboard #man #wednesday #smile #happy #befree #black #latino https://t.co/IFw6h649Lo,2022-05-04 22:09:37,1,1
144,1521972942254469122,Noroeste,132961,"#MÃšSICA | La cantante mexicana @AngelaAguilar__ ha logrado que la mÃºsica mexicana se posicione en los primeros lugares en las listas de Ã©xitos de los #Billboard con su Ã©xito ""AhÃ­ donde me ven""  
https://t.co/RPxXKEKyUz",2022-05-04 22:00:00,1,1
145,1521971450600513537,Add Me To Your Playlist,2,"@akademiks speaking facts or nahh?? 
FREE KAY FLOCK YUHEARDD!!

DROP SOME COMMENTS! âœ”ï¸âœ”ï¸

  #underground  #hiphop  #rap  #bronx  #lyrical  #trapmusic  #hiphopculture  #hiphopmusic  #rapmusic  #drill  #tiktok  #billboard  #freekayflockğŸ‘¿âš ï¸ #djakademiks #addmetoyourplaylist https://t.co/fgTWgoRdg4",2022-05-04 21:54:05,1,0
146,1521970158637621249,SÃ¯bTâ‚©à¥°dollaboyzCeO DiğŸš€k Pet ğŸ’…ğŸ¼,88,#BILLBOARD â­ï¸ #GoArmyDOTcmm â›‘ â›‘ğŸŸğŸ¤™â›‘ https://t.co/ixX1cpACHj,2022-05-04 21:48:57,0,0
147,1521965904522661888,SpecStruct,14,"Have you seen #SpecialisedStructures Mid Canterbury's Electronic #Billboard on #StateHighway1 in #Ashburton?

#NoTimber, #NoWorries!

#SteelFrame #PortalFrameBuilding #NZ #possibilities #customisable #buildingdesign #construction #solutions https://t.co/viYksEj70v",2022-05-04 21:32:03,0,0
148,1521965445443891200,MPC Insights,1023,"#CalumScott is to perform at the Royal Albert Hall to mark 50 Years of Pride.

Source: #Billboard https://t.co/Q274tca9iA",2022-05-04 21:30:13,0,0
149,1521962795910430720,MPC Insights,1023,"#DollyParton will be inducted into the Rock &amp; Roll Hall of Fame despite trying to withdraw from the voting ballot.

Source: #Billboard https://t.co/mJtDPnlBbJ",2022-05-04 21:19:41,0,0
150,1521961202125049861,SÃ¯bTâ‚©à¥°dollaboyzCeO DiğŸš€k Pet ğŸ’…ğŸ¼,88,#Ad #Applestore #Googleplay #googlestore #billboard #Advertisement #blockbuster #Starwars #EndGame https://t.co/RCjJ9M5tWH,2022-05-04 21:13:21,0,0
151,1521961155652198404,Outdoor Advertising,74,Digital Billboards in North Greetwell #Electronic #Billboard #Adverts  #North #Greetwell https://t.co/8iUViMlqlc,2022-05-04 21:13:10,0,0
152,1521958915193323526,SÃ¯bTâ‚©à¥°dollaboyzCeO DiğŸš€k Pet ğŸ’…ğŸ¼,88,"#Ad #billboard #AyeJaleLemmeGetA3Piece #ğŸ‘Œ#PresidentalSlaughter #LJGotShittedOn ğŸ˜¹ 
#Harvard #BoMBER ğŸ€ ğŸš€ ğŸŸğŸŸğŸŸğŸŸğŸŸğŸŸ https://t.co/bLklHk6TWB",2022-05-04 21:04:16,0,0
153,1521957842705649679,Show News,801,"#AngelaAguilar  se ha logrado convertir en la primera mujer en llegar al nÃºmero uno de #Billboard

https://t.co/8kXsTsqQpk",2022-05-04 21:00:00,0,0
154,1521953779750518785,SÃ¯bTâ‚©à¥°dollaboyzCeO DiğŸš€k Pet ğŸ’…ğŸ¼,88,#Ad #GoPuff #Billboard https://t.co/W2mvIFejBK,2022-05-04 20:43:52,0,0
155,1521946435649945600,Morgan Wade,17517,"â€œWilder Daysâ€ has truly been a quiet storm of a song &amp; I wouldnâ€™t change a thing about the journey so far. Iâ€™m so thankful itâ€™s resonating with yâ€™all &amp; I canâ€™t thank @billboard enough for shining light on me &amp; my music:  https://t.co/dXQxPD2qH3

ğŸ“·: Eric Ryan Anderson/#Billboard https://t.co/LeRhVhFNW6",2022-05-04 20:14:41,438,26
156,1521945773214420992,The_TunesClub,668,"#SophieTurner has broken her silence about her second pregnancy. She and her husband Joe Jonas publicly confirmed they were expecting another child during red carpet appearances at the Vanity Fair Oscars party in March and Met Gala this week.

Source: #Billboard https://t.co/OtLDLM8R17",2022-05-04 20:12:03,0,0
157,1521944857924808704,Valerian Sun,105,"Tracking drums with Grammy-nominated producer, Grant McFarlandğŸ¥#behindthescenes #grammys #music #producer #billboard #pop #rock #alternative #band #studio #recording #drums #foofighters #muse #queen #vanhalen #weezer #thekillers #siriusxm #testdrive #fyp #foryoupage #foryou https://t.co/Ynxnlg38lf",2022-05-04 20:08:25,0,3
158,1521943032077385728,The_TunesClub,668,"#Madonna made history when she topped the Billboard Dance Club chart for the 50th time with the release of 'Girl Gone Wild' back in 2020 and will now celebrate the milestone with the release of career-spanning compilation 'Finally Enough Love: 50 Number Ones.'

Source: #Billboard https://t.co/tDcNgR6dF4",2022-05-04 20:01:09,0,0
159,1521942892939464704,Www.Obyoriji.com,946,#Diddy shows how he is getting ready for the #Billboard #award in the next 13 year. https://t.co/zRn2QjG4p4,2022-05-04 20:00:36,0,0
160,1521942865462575112,Www.Obyoriji.com,946,#Diddy shows how he is getting ready for the #Billboard #award in the next 13 year. https://t.co/zRn2QjG4p4,2022-05-04 20:00:30,0,0
161,1521942364675268619,Wicked Haize,361,"Vibe &amp; SHARE* If you enjoy...this song is ğŸ”¥ğŸ¤ŸğŸ¿ğŸ’«ğŸ’• 

https://t.co/BC0JQobmG2 
 #rapper #hiphop #trap #producer #newmusic #beats #singer #musicproducer #spotify #musician #unsignedartist #youtube #follow #RP #SpotifyPlaylist #PlaylistCurator #RapCaviar #SpotifyRepost #Billboard",2022-05-04 19:58:30,0,0
162,1521940334044925953,aligÃ¶khan,35,"if you sing like this, of course it will be number 1 R&amp;B  #hiphop #Billboard #firstclass #JackHarlow #music https://t.co/my1T74XqEd",2022-05-04 19:50:26,8,1
163,1521936860213223426,Gerald Albright,35427,"Itâ€™s a great #Wiggle Wednesday with my song, â€œG-Wiggleâ€ up to number 6 from being at number 10 last week! Iâ€™m excited and want to thank you for your support! G

#GeraldAlbright #Thankful #GSTREAM2 #May #Billboard #GWiggle #NewWork #MusicJourney #FromTheSoul #DesiraeLBensonPR #New https://t.co/juXYrj3sbc",2022-05-04 19:36:38,10,6
164,1521934095231684611,The Corporatethief Beats,6646,"ğŸ“New LinkedIn Company Page Features, Creator Tools, and More https://t.co/HrJsAiWI71 #coversong #newalbum #musician #rappers #singer #billboard ğŸ“",2022-05-04 19:25:39,2,0
165,1521933523594133505,Rock Metal Chart,51,".@billboard's #MainstreamRockAirplay top 10:

@muse's ""Won't Stand Down"" is the No. 1 on this week.

@ffdp's ""AfterLife"" entered the top 10.
-
#Muse #Billboard #RockMetalChart https://t.co/ytrPtZbaKy",2022-05-04 19:23:22,4,0
166,1521932575849259014,Rock Metal Chart,51,".@billboard's #RockAlbums top 10:

@nirvana's ""Nevermind"" is the No. 1 on this week with 18,000 units.

Debuts: @thebonnieraitt (13k) and @stevienicks (12k).
-
#Nirvana #Billboard #RockMetalChart https://t.co/ptdgstiBlF",2022-05-04 19:19:36,1,0
167,1521931932795162625,ã¾ã‚Šã‚Šã‚“,73,"#INI
ã€#WeAreã€MVå†ç”Ÿå›æ•°é”æˆå…¬ç´„ğŸš¢

https://t.co/EvvVX7krTf

ğŸš”300ä¸‡å›ï¼š4/30é”æˆğŸŠ
ğŸš”500ä¸‡å›ï¼šINI Holiday
ğŸš”1000ä¸‡å›ï¼šSecret

ğŸš˜1000ä¸‡å›é”æˆäºˆå®šã¯2022/10/24ã«ãªã‚‹äºˆå®šğŸ›³ï¸
#MINI @official__INI
#MUSIC #å‰æœ¬ #éŸ³æ¥½ #Billboard #GRAMMY #MAMA #Mnet #MTV #KPOP #KCON #JPOP #WORLD #ã‚¨ãƒ³ã‚¿ãƒ¡ https://t.co/QVgSjZ1rPT",2022-05-04 19:17:03,1,0
168,1521930952829636608,ã¾ã‚Šã‚Šã‚“,73,"#INI
ã€#CALL119ã€MVå†ç”Ÿå›æ•°é”æˆå…¬ç´„ğŸš

https://t.co/fyrhdSK5Zy

ğŸš”300ä¸‡å›ï¼š3/31é”æˆğŸŠ
ğŸš”500ä¸‡å›ï¼š4/24é”æˆğŸŠ
ğŸš”1000ä¸‡å›ï¼šSecret

ğŸš˜1000ä¸‡å›é”æˆäºˆå®šã¯2022/8/7ã«ãªã‚‹äºˆå®šğŸš‰
#MINI @official__INI
#MUSIC #å‰æœ¬ #éŸ³æ¥½ #Billboard #GRAMMY #MAMA #Mnet #MTV #KPOP #KCON #JPOP #WORLD #ã‚¨ãƒ³ã‚¿ãƒ¡ https://t.co/VvzsTYjpUd",2022-05-04 19:13:09,0,0
169,1521930937944223746,Rock Metal Chart,51,".@billboard's #HardRockAlbums top 10:

@queenwillrock's ""Greatest Hits"" is the No. 1 on this week with 16,000 units.

Debut: @kirkhammett's ""Portals (EP)"" (9,8k).

re-entry: @systemofadown.
-
#Queen #Billboard #RockMetalChart https://t.co/pOAQUHiPOl",2022-05-04 19:13:06,1,0
170,1521919675151572996,DigitalTownSquare,4,Mark your calendars. Reggae superstar @therealmrlexx will grace #TwitterSpace for a Live interview with @phidd on the social audio show #digitaltownsq on Tue May 10 at 7pm EST #Jamaica #grammy #billboard #music #EntertainmentNews @sflcn @JamaicaGleaner @JamaicaObserver @DEADLINE https://t.co/2izZsZwfMe,2022-05-04 18:28:21,5,4
171,1521918020339314688,ã‚ã˜ã‚ƒã‚€,476,"050322ã€‚
Tetsuya Komuro
HIT FACTORY #1è¿½åŠ å…¬æ¼”
Day2 2nd.
ç„¡äº‹ã«4å…¬æ¼”çµ‚äº†ã€‚
å–‰ãŒç–²ã‚ŒãŸã‚“ã˜ã‚ƒç„¡ãã¦å£°ãŒç–²ã‚Œã¡ã‚ƒã†ã¨ã“ã‚ãŒã¦ã£ã¡ã‚ƒã‚“ã‚‰ã„ã—ã­ã€‚çµ‚æ¼”å¾Œã®é³´ã‚Šæ­¢ã¾ãªã„æ‹æ‰‹ãŒå‡„ã‹ã£ãŸã€‚
#å°å®¤å“²å“‰ 
#hitfactory 
#billboard 
#æ¨ªæµœ å ´æ‰€: Billboard Live YOKOHAMA https://t.co/KFDRToWQus",2022-05-04 18:21:46,1,0
172,1521916032331493379,Hache,185,Finalmente... si habrÃ¡ disco!!! #FinallyEnoughLove #Madonna #Billboard #thequeenofpop @Madonna https://t.co/AojorfUkp6,2022-05-04 18:13:52,3,0
173,1521915847832391685,Outdoor Advertising,74,Motorway Advertising in Buckinghamshire #Motorway #Billboard #Adverts  #Buckinghamshire https://t.co/NB0Jg2fC5U,2022-05-04 18:13:08,0,0
174,1521911158667632642,ã‚ã˜ã‚ƒã‚€,476,"050322ã€‚
Tetsuya Komuro
HIT FACTORY #1è¿½åŠ å…¬æ¼”
Day2 1st.
æœ¨æ ¹ã•ã‚“ã‚‚è¦³ã«æ¥ã‚‰ã‚Œã¦ãŸã­ã€‚
#å°å®¤å“²å“‰ 
#hitfactory 
#billboard 
#æ¨ªæµœ 
#æœ¨æ ¹å°šç™» å ´æ‰€: Billboard Live YOKOHAMA https://t.co/qPFtrLiqOA",2022-05-04 17:54:30,0,0
175,1521909487115726848,Add Me To Your Playlist,2,#underground  #hiphop  #rap  #bronx  #lyrical  #trapmusic  #hiphopculture  #hiphopmusic  #rapmusic  #drill  #tiktok  #billboard  #trending #shockybadass #gorgeousgangsta #wanksta,2022-05-04 17:47:52,0,0
176,1521902408539979776,Chains Over Razors,1002,"Hellrazors! We broke TOP20 @billboard rock indicator chart with â€œBehind these Eyesâ€ and #4 on the Foundations top 50 Chart. Boom!!!ğŸ¤¯. Thank you everyone who has been requesting us on the radio &amp; the radio stations spinning our tune. Love you all!
#billboard 
@DekoEntertain https://t.co/afqs2BaxaW",2022-05-04 17:19:44,6,1
177,1521900942681161731,matt metzler,133,does anybody have a @Billboard subscription? I'm just trying to grab a screenshot of a specific part of a specific Top Album Sales chart and I guess it costs $100 to do that which is Pretty Dumb #Billboard https://t.co/yIc07DCufQ,2022-05-04 17:13:54,0,0
178,1521900138855284736,SÃ¯bTâ‚©à¥°dollaboyzCeO DiğŸš€k Pet ğŸ’…ğŸ¼,88,#Ad #Billboard #SkooLisKEWL ğŸ¤™ğŸ¤™ğŸ¤™ https://t.co/WOjJusjivw,2022-05-04 17:10:43,0,0
179,1521893285517737984,Matthew Smith,646,This is a #speculation #trade but we do like $CCO - Clear Channel Outdoor is a turnaround story. #Billboard #billboards #outdoor #Advertising #sign #StockMarket #stocks  #options #inflation #trading https://t.co/JdJ12olyGZ,2022-05-04 16:43:29,0,0
180,1521884983203356672,â˜¥âš£,161,#Madonna #FinallyEnoughLove #50numberones #Remixed #Remastered #August2022 #cdcollector #vinylcollector #heymrdj #dance #club #billboard ğŸ”¥ https://t.co/7wBZktFq10,2022-05-04 16:10:29,0,0
181,1521884903008260099,EduDis91,76,"#Billboard crea la playlist ""Cinco de Mayo"" en Spotify, donde incluye la canciÃ³n ""Amor A La Mexicana"" de @thalia ğŸ‘‘

Playlist completa: https://t.co/fychHnBIFL https://t.co/gM5wU9KtGO",2022-05-04 16:10:10,128,15
182,1521883881191919618,BillboardHub,5,"What's âœ¨NEWâœ¨ at BillboardHub this week?

1 Stop Truck Shop has a brand new ad on Highway 15 ğŸš›

#OOH #DOOH #Startup #Billboard #Highway #B2B #Advertising #NewBrunswick #PEI #NovaScotia #Newfoundland https://t.co/q8SFB6Mzqi",2022-05-04 16:06:07,0,0
183,1521873806817693698,Psychedelic Jukebox,12261,"May 4th 1961 - After topping the #Billboard chart a month earlier, The Marcels version of ""Blue Moon"" hits #1 in the UK. Since 1934, the song has been recorded by over 50 major artists and has been featured in at least 8 motion pictures. The group was formed 1959 in #Pittsburgh. https://t.co/5JRtDxhfKi",2022-05-04 15:26:05,19,2
184,1521869344145391622,EMEverse,37240,"Another feat for Kwesi Arthur's debut album, Son Of Jacob as the song 'Drama' featuring Bigg Homie Flee hits no. 39 on Billboard U.S Afrobeats Top 100 songs chart.

#SonofJacob 
#SonofJacobAlbum 
#KwesiArthur 
#Billboard https://t.co/t7ie6MpWgT",2022-05-04 15:08:21,11,4
185,1521865863867076611,ğğ“ğ’ ğ€ğ‘ğŒğ˜ ğˆğğ…ğˆğğˆğ“ğ˜ âŸ­âŸ¬âŸ¬âŸ­Â¹â°Â·â°â¶Â·Â²Â²,1252,"ğŸ—ï¸INFO ğŸ—ï¸
~Debut de 'With You' en listas oficiales de BILLBOARD en Estados Unidos.~
#19. BILLBOARD GLOBAL 200
#12. EMERGING ARTISTS - JIMIN
#01. DIGITAL SONG SALES CHART
#14. BILLBOARD GLOBAL EXCL. US

@bts_bighit @BTS_twt #BTS #JIMIN #Billboard
ğŸŒ¹ ì†Œí”¼ì•„ ğŸ‡ https://t.co/6o75glob8y",2022-05-04 14:54:31,4,1
186,1521862446151049217,Elio Pascual,4,"""May the Fourth be with you!!!
""Happy Star Wars Day!!!
""Itâ€™s party time on Tatooine!!!
Sweven Consulting Group
""always by your side!!!!
https://t.co/4ucDeUk9xH
""click or call!!!
#adsales #Television #SCGroup #billboard #media #seo #tvadvertisment #Ads #radioads #digitaltv #ads https://t.co/2j92rAFxzW",2022-05-04 14:40:56,0,0
187,1521862331059343362,Sweven Consulting Group,4,"""May the Fourth be with you!!!
""Happy Star Wars Day!!!
""Itâ€™s party time on Tatooine!!!
Sweven Consulting Group
""always by your side!!!!
https://t.co/ZfDhPzFwQp
""click or call!!!
#adsales #Television #SCGroup #billboard #media #seo #tvadvertisment #Ads #radioads #digitaltv #ads https://t.co/XxIRSK6s1k",2022-05-04 14:40:29,0,0
188,1521858760154787840,Blog do Erick,4382,"â€œAs It Wasâ€, de Harry Styles completa 3 semanas no topo das paradas musicais dos Estados Unidos https://t.co/o31ZPeStdz

#musica #harrystyles #billboard #estadosunidos",2022-05-04 14:26:17,0,0
189,1521856779495346177,Tara Jaye Frank,6948,When your husband is EXTRA in all the best ways. My team called me screaming on the way to the airport today because they saw THIS! #wearethewaymakers #thewaymakersbook #wedonotplay #billboard #bookmarketing https://t.co/2RvTYJqh20,2022-05-04 14:18:25,131,8
190,1521853561860149253,ğŸ’œ,82,"I voted for â€œPaâ€™ Miâ€ de @IvyQueenDiva and Peter Nieto. Obsessed ğŸ¤© 

#salsa #billboard What's the best Latin collaboration of April 2022? https://t.co/q5ia86NRYf",2022-05-04 14:05:38,0,0
191,1521853547444326400,WILLPOWERENT,9535,"@DJDownLowDavis1 #RickyRikkardo releases highly-anticipated video for single â€˜Mona Lisaâ€™ featuring #JimJones: Watch 
https://t.co/DH0jZoegKk 
#MTV #Billboard #BET #VH1 #HOT97 #WORLDSTAR #XXL  @Wp @willpowerentllc 
#2DOPEBOYZ #RapUp #Earmilk #AllHipHop #HotNewHipHop #SOHH #LAonLock #HipHopWired",2022-05-04 14:05:35,1,0
192,1521852594817224704,NJ Productions,2472,"Western American Road Trip 4 of 21: Here it is! An iconic billboard for Route 66 enthusiasts in Arizona; an advertisement for the nearby Jack Rabbit Trading Post.
#hereitis #jackrabbittradingpost #advertisement #jackrabbit #billboard #route66 https://t.co/mH64uQlOQx",2022-05-04 14:01:47,1,0
193,1521845281674784769,MPC Insights,1023,"Blossoms are ready to detonate the U.K. albums chart with Ribbon Around the Bomb (EMI), which leads the midweek tally.

#Blossoms  

Source: #Billboard https://t.co/F0n14AWmnB",2022-05-04 13:32:44,1,0
194,1521840649099948032,Mst Rikta Begum,401,"Hello Everyone!
Are you looking #Rollupbanner or #Billboard 3design? 
See my work here: https://t.co/R0ocR7g2Af
Order here:https://t.co/bLScJFv3Yl
#xbanner #rollupbanner #billboard #pullupbanner #popupbanner #International #FirefightersDay #Pfizer #DailyQuordle100 #Yankees https://t.co/C5Gv2HmQmA",2022-05-04 13:14:19,0,0
195,1521836903334481920,MPC Insights,1023,"WDIA Memphis mainstay Bobby Oâ€™Jay passed away of unknown causes on Tuesday (May 3). He was 68.

#BobbyOJay 

Source: #Billboard https://t.co/DFk4Rh64gX",2022-05-04 12:59:26,6,1
196,1521836507295797252,Stay Skz BR | SSBR ğŸ˜‰,1010,"ğŸ“Œ|| Hot Trending Songs Powered by Twitter Semana 07/05 ğŸ“Š

#13 @Stray_Kids com #MANIAC_SKZ â¬†ï¸+3

ğŸ”„Total de semanas no Chart: 7
âœ…Pico: #2 

#StrayKids #Billboard #SSBR #STAY https://t.co/NxS5sDRnL8",2022-05-04 12:57:52,7,2
197,1521832490213728257,"BIGTIME RADIO, TV & ENTERTAINMENT",2076,"Avicii - Wake Me Up (Radio Edit) #bigtimeradio https://t.co/N76xPoatRr @Charlie_Cawood @BigTimeRadio1 @bigtime_news
 on #Amazon Echo &amp; App https://t.co/c7cZfm4MQo  #Top40 #Music 247 #Worldwide 3 #Radio #Stations 43 #Countries #Interviews #Billboard https://t.co/JiPHr6jZyC  #SUBMI",2022-05-04 12:41:54,0,0
198,1521826028775108609,frcwl,1,@billboard @NICKIMINAJ #MetGala2022 #NickiGala #MetGala #OnikaMaraj #bestdress #billboard https://t.co/rSBnX41VZv,2022-05-04 12:16:14,0,0
199,1521825539350216708,"BIGTIME RADIO, TV & ENTERTAINMENT",2076,"10. https://t.co/lvM9cVLGBp #bigtimeradio https://t.co/N76xPoatRr @Charlie_Cawood @BigTimeRadio1 @bigtime_news
 on #Amazon Echo &amp; App https://t.co/c7cZfm4MQo  #Top40 #Music 247 #Worldwide 3 #Radio #Stations 43 #Countries #Interviews #Billboard https://t.co/JiPHr6jZyC  #SUBMI",2022-05-04 12:14:17,0,0
200,1521821970022641664,The Drum,230214,"Planning on traveling through NYC's Penn or PATH stations in May? 

Get ready for Manscaped's ""Big groomed energy.""

â¡ï¸ https://t.co/ud8Dcm8OT2

#Manscaped #NYC #OOHhAdvertising #Billboard https://t.co/cDHfZTKpQC",2022-05-04 12:00:06,0,0
201,1521818253525663745,Match Ad Location,574,"#Billboard Jl. Embong Malang no. 76A, Surabaya Pusat
-
#matchadvertising #matchadlocation #reklameindonesia #oohadsindonesia #wiklanindonesia #blinkzap #showusid #reklameSurabaya  #advertisingSurabaya #BillboardSurabaya
-
https://t.co/S5GmiplwAp",2022-05-04 11:45:20,0,0
202,1521817251195723776,@ClubDeAmigosDeElvisEnChile,549,"Conoce los Ã©xitos de #Elvis que no llegaron al 1 del #Billboard pero que son clÃ¡sicos inmortales para todos
#Elvis2022
#Music #Musica #Historia #ElvisPresley
#FelizMiercoles #BuenosDias
#SUSCRIBETE
#DoctorStrange

https://t.co/ChdK4tfqUt",2022-05-04 11:41:21,0,2
203,1521816223285059584,10velyshome,2,"Check out Tenâ€™s new song â€œBirthdayâ€
#HotTrendingSongs #video #mv #newmusic #applemusic #billboard #cb #drake #JustinBieber #DojaCat #cardi #KylieJenner #hiphophead #spotify #playlist #Trending #song #ArtistOnTwitter #MetGala2022 #tiktok

Watch fullğŸ‘‰ğŸ‘‰ https://t.co/XZJWOmrY8W https://t.co/0tHV3iNJKY",2022-05-04 11:37:16,0,0
204,1521814809427070976,10velyshome,2,"Check out Tenâ€™s new song â€œBirthdayâ€
#HotTrendingSongs #musi #video #musicvideo #newmusic #hiphop #applemusic #billboard #hiphophead #radio #spotify #playlist #uk #Trending #singer #song #hustle #ArtistOnTwitter 

Watch fullğŸ‘‰ğŸ‘‰ https://t.co/EOyJGjXRT9 https://t.co/AlnI1yFIHN",2022-05-04 11:31:39,0,0
205,1521813468155826176,The_TunesClub,668,"With a hattrick of wins, The Kid Laroi led from start to finish as the APRA Music Awards returned to Melbourne on Tuesday night (May 3).

#KidLaroi 

Source: #Billboard https://t.co/E48WtaUe15",2022-05-04 11:26:19,1,0
206,1521808315231182850,R. D.,546,"Moving company specializing in packing up babies for safe transport (LOL),  #Billboards #Billboard #Movingcompany #Baby #Ad #Advertisement #Advertising https://t.co/bkDRfBEoQc",2022-05-04 11:05:50,0,0
207,1521807639813885953,The_TunesClub,668,"Post Malone is going to be a dad â€” and â€œnow they always say congratulations!â€

#PostMalone 

Source: #Billboard https://t.co/UIAwCZ8gsG",2022-05-04 11:03:09,2,0
208,1521805996896661504,ã‚ãŸãªã¹ã‚†ã†,2612,"ã€åˆæ‹ with ä½è—¤ç«¹å–„ã€Live at Billboard Live Osaka https://t.co/Et1AZ20lmZ @YouTubeã‚ˆã‚Š

#ã‚ãŸãªã¹ã‚†ã†
#ä½è—¤ç«¹å–„
#Billboard",2022-05-04 10:56:38,55,12
209,1521804916544712707,Katyusha ğŸ‡¬ğŸ‡· Z ğŸ‡·ğŸ‡º,292,"ÎŸ Ï„ÏÎ±Î³Î¿Ï…Î´Î¹ÏƒÏ„Î®Ï‚ Ï„Ï‰Î½ #MouthMax #Barskikh Î±Ï€ÏŒ Ï„Î·Î½ #ÎŸÏ…ÎºÏÎ±Î½Î¯Î± Ï…Ï€Î¿ÏƒÏ‡Î­Î¸Î·ÎºÎµ Î½Î± Ï€Î¿Î»ÎµÎ¼Î®ÏƒÎµÎ¹ ÎºÎ±Î¹ Ï„ÏÎ¬Î²Î·Î¾Îµ Ï€Î¿Î»Î»Î­Ï‚ Ï†Ï‰Ï„Î¿Î³ÏÎ±Ï†Î¯ÎµÏ‚ Î¼Îµ ÏŒÏ€Î»Î± ÎºÎ±Î¹ Î¼Îµ ÏƒÏ„Î¿Î»Î®.  
ÎšÎ¬Î»ÎµÏƒÎµ ÎµÎ¸ÎµÎ»Î¿Î½Ï„Î­Ï‚ Î½Î± Ï€ÎµÎ¸Î¬Î½Î¿Ï…Î½  Î±Ï€ÏŒ ÏÏ‰ÏƒÎ¹ÎºÎ¬ Ï€Ï…ÏÎ¬  ÎºÎ±Î¹ Î¿ Î¯Î´Î¹Î¿Ï‚ Ï€Î®Î³Îµ ÏƒÏ„Î¿ #Î›Î±Ï‚Î’Î­Î³ÎºÎ±Ï‚ Î³Î¹Î± Î½Î± ÎµÎ¼Ï†Î±Î½Î¹ÏƒÏ„ÎµÎ¯ ÏƒÎµ Î­Î½Î± Ï€Î¬ÏÏ„Î¹ Ï„Î¿Ï… #Billboard https://t.co/EY6XAYL8Q6",2022-05-04 10:52:20,12,4
210,1521804323633651713,Melina,75,I am so excited!! Congrats to Austin &amp; his gf!  He will be such an amazing dad!! Congrats @rriproarin on being the coolest grandpa ever! I wanna see some cute Posty baby crocs!! @Crocs @PostMalone #TwelveCaratToothache #postmalonebaby #babyposty #postmalone #tmz #billboard https://t.co/UDOOyMFOiU,2022-05-04 10:49:59,0,0
211,1521800512148017153,R. D.,546,Count Dracula (or a close relative of Count Dracula   #Advertisement #Billboard #Advertising #Sign #Popculture #Popularculture #Milwaukee #Wisconsin #US #USA #UnitedStates #Vampire #Koss #Headphone #Blood #Humor #Humorous https://t.co/N3RIDAV50u,2022-05-04 10:34:50,0,0
212,1521799703234584576,á´®á´±SashaPandaâ·,5838,"@BTS_twt @bts_bighit 
#BTS #ë°©íƒ„ì†Œë…„ë‹¨
#Billboard #Charts 
#BillboardUS #USA",2022-05-04 10:31:37,0,1
213,1521799688130727936,á´®á´±SashaPandaâ·,5838,"@BIGHIT_MUSIC @BTS_twt @bts_bighit 
#BTS #ë°©íƒ„ì†Œë…„ë‹¨
#Billboard #Charts 
#BillboardUS #USA",2022-05-04 10:31:33,0,1
214,1521799670934212608,á´®á´±SashaPandaâ·,5838,"@BIGHIT_MUSIC #BTS #ë°©íƒ„ì†Œë…„ë‹¨
#Billboard #Charts 
#BillboardUS #USA",2022-05-04 10:31:29,0,1
215,1521799652835737607,á´®á´±SashaPandaâ·,5838,"@BIGHIT_MUSIC #BTS #ë°©íƒ„ì†Œë…„ë‹¨
#Billboard #Charts 
#BillboardUS #USA

https://t.co/wFCVsxbsWw",2022-05-04 10:31:25,0,1
216,1521799623496638465,á´®á´±SashaPandaâ·,5838,"@BTS_twt @bts_bighit 
#BTS #ë°©íƒ„ì†Œë…„ë‹¨
#Billboard #Charts #Music 
#Butter #Dynamite #Persona 
#Mots #Mots7 #MapOfTheSoul
#MyUniverse #Universe #WithYou",2022-05-04 10:31:18,0,1
217,1521799602726387713,á´®á´±SashaPandaâ·,5838,"@BIGHIT_MUSIC @BTS_twt @bts_bighit 
#BTS #ë°©íƒ„ì†Œë…„ë‹¨
#Billboard #Charts #Music 
#Butter #Dynamite #Persona 
#Mots #Mots7 #MapOfTheSoul
#MyUniverse #Universe #WithYou",2022-05-04 10:31:13,0,1
218,1521799557876797440,á´®á´±SashaPandaâ·,5838,"@BIGHIT_MUSIC #BTS #ë°©íƒ„ì†Œë…„ë‹¨
#Billboard #Charts #Music 
#Butter #Dynamite #Persona 
#Mots #Mots7 #MapOfTheSoul
#MyUniverse #Universe #WithYou",2022-05-04 10:31:02,0,1
219,1521798695968251905,Manin De Polignan ğŸ‡ºğŸ‡¸ğŸ‡²ğŸ‡«,8326,"I need #Music this Morning: Julien Clerc 
 Je sais que c'est elle https://t.co/v6EaOp09Ls #Billboard #LastFM https://t.co/JpIdNnBtbv #Quote",2022-05-04 10:27:37,0,0
220,1521792013485621249,Insight Outdoor,52,"Insight Outdoor is one of the major OUT OF HOME MEDIA OWNERS in Gauteng and the biggest in Tshwane with various options available to suit your marketing strategy and budget.â€‹
â€‹
Visit our website today.â€‹

https://t.co/FmtM8fBTlMâ€‹

#OutdoorAdvertising  #Advertising #Billboard https://t.co/1iFXGobug3",2022-05-04 10:01:04,0,0
221,1521791781029179392,Selfy T. S,414,"Ayoooo kita buat #JIN dengan 2 lagu Solonya #Yours_Jin dan #SuperTuna_Jin menjadi no 1 dan 2 lagi di #Billboard ğŸ’ªğŸ’ªğŸ’ªğŸ’ªğŸ’ª

CHART TOPPER JIN

Listen to #Yours_Jin beautiful OST of 2021 and #SuperTuna_Jin the global viral hit song by #BTSJIN #JIN 
@BTS_twt

https://t.co/cgwFPPuhrS https://t.co/FJAYwphzlm",2022-05-04 10:00:08,1,1
222,1521790620980977664,Chithra Ramakrishnan,5277,"Did you know? 
The first Annual Grammy awards were held on May 4th 1959, recognising the musical accomplishments by artists for the year 1958.

#GRAMMYs #Awards #GrammyAwards #music #grammys #hiphop #billboard #grammyawards #singer #love #musica #s #rap #latingrammy #Artists",2022-05-04 09:55:32,1,0
223,1521787113200447488,BestOnTop Radio,54,NowPlaying Childish Gambino - #Billboard Hot 100 This Is America https://t.co/x7vGdQQGcN 09:40,2022-05-04 09:41:35,0,0
224,1521783129182064641,The Drum,230214,"Two agencies were given one brief: launch the BBC series This is Going to Hurt written by @amateuradam to screens.

Hereâ€™s how @bbccreative in the UK and @BETCParis in France each approached the task. Which is your pick?

ğŸ‘‰https://t.co/eoayeJAmT7

#BBC #Billboard #Marketing #OOH https://t.co/UEOdaZQM2c",2022-05-04 09:25:46,31,5
225,1521777427458019329,"BIGTIME RADIO, TV & ENTERTAINMENT",2076,"Little Mix - Holiday #bigtimeradio https://t.co/N76xPoatRr @Charlie_Cawood @BigTimeRadio1 @bigtime_news
 on #Amazon Echo &amp; App https://t.co/c7cZfm4MQo  #Top40 #Music 247 #Worldwide 3 #Radio #Stations 43 #Countries #Interviews #Billboard https://t.co/JiPHr6jZyC  #SUBMI",2022-05-04 09:03:06,1,1
226,1521766103474749441,Ciappy DJ,381,"Ciappy DJ &amp; Pablo feat. Savio Vurchio - I do love (R&amp;B side)
#wearesoul #soul #neosoul #rnb #soulful #motown #funk #funkysoul #outnow #beatfire #billboard #dancers #randb #soulmusiclovers #blackmusic #newmusic #soulmusic #newmusic

Listen/Buy CD/Vinyl
 https://t.co/GVIgSWYktI https://t.co/4jnpIIzaSU",2022-05-04 08:18:06,0,0
227,1521765670719193090,keko ï¼ŠZephyrï¼Š,220,"é¢¨ãã‚“é¦–ä½è¿”ã‚Šå’²ãã€œğŸŒ¸âœ¨
ãŠã‚ã§ã¨ã†ğŸ‰ğŸ‰ğŸ‰
4/20å…¬é–‹åˆ†â†’4ä½
4/27å…¬é–‹åˆ†â†’3ä½
ã™ã”ã„ã‚ˆãƒ¼ğŸ¥°ğŸ‘ğŸ»âœ¨
#è—¤äº•é¢¨ãƒ†ãƒ¬ãƒ“ ã¨ãƒ©ã‚¸ã‚ªğŸ“»ã®åŠ¹æœã‹ã—ã‚‰ğŸ¤­ï¼Ÿï¼Ÿ
#è—¤äº•é¢¨ã€€#Billboard
#LOVEALLSERVEALL https://t.co/etIxbhu71k",2022-05-04 08:16:23,13,0
228,1521761046826033152,Emerson Dardinelhes,379,Is YOUR all-time favorite @Madonna album the same as our readers' consensus #1 pick? #madonna #Billboard https://t.co/gVZcsQfqQK,2022-05-04 07:58:01,0,0
229,1521757401208147968,tskim,238,"#StrayKids has been on the #Billboardâ€™s main albums chart for six consecutive weeks with the mini album â€œ#ODDINARY.â€ 
#StrayKids_Billboard200 

https://t.co/oRMtQzpP4f",2022-05-04 07:43:31,1,0
230,1521754914275348480,Beyond Reproach Ent.,1189,Pick Another Day!!! We Got Fridays On Lock ğŸ”’ NO â€œHoe Shitâ€ by @1boombayeğŸ’£  #rappers #rapartist #beats #hiphop #trapmusic #upcomingrapper #art #instagood #rapper #love #explorepage #producer #newmusic #Billboard #rapmusic #music #365fridays https://t.co/w7ENVnqdx8 via @YouTube https://t.co/yM5UEQlCq8,2022-05-04 07:33:39,3,0
231,1521750087466045441,éˆ´æœ¨è‹±äººäº‹å‹™æ‰€,4207,"åŸç”»ã€ROYAL CROWN COLAã€since 1986

https://t.co/8uA60L68ZN

#éˆ´æœ¨è‹±äºº #ã‚¤ãƒ©ã‚¹ãƒˆãƒ¬ãƒ¼ã‚·ãƒ§ãƒ³ #ã‚¤ãƒ©ã‚¹ãƒˆãƒ¬ãƒ¼ã‚¿ãƒ¼ #ã‚¢ãƒ¼ãƒˆ #åŸç”» #ãƒ‘ãƒ³ãƒˆãƒ¼ãƒ³ #ã‚¢ãƒ¡ãƒªã‚« #ã‚¢ãƒ³ãƒ†ã‚£ãƒ¼ã‚¯ #çœ‹æ¿ #eizinsuzuki #illustration #illustrator #originalpicture #pantone #art #artworks #America #antigue #billboard https://t.co/nq0a1PDJhG",2022-05-04 07:14:28,58,2
232,1521747191546609664,Korea Odyssey,12311,"#StrayKids' mini album â€œ#ODDINARY,â€ which was dropped in March, 2022, ranked No. 126 on â€œ#Billboard200â€ and succeeded in entering the chart for six consecutive weeks. ğŸ†ğŸ¼ğŸ¤©ğŸ«¶
#ìŠ¤íŠ¸ë ˆì´í‚¤ì¦ˆ #Billboard #KPOP 

https://t.co/rVP78vTOkM https://t.co/UlCFkZPQ3L",2022-05-04 07:02:57,10,3
233,1521741281805934592,DOWNTOWN,25232,"Words from @Diddy

#motivation #wednesday #billboard #diddy https://t.co/cCAW9Hja4k",2022-05-04 06:39:28,1,0
234,1521738163408224256,Thinkidol,857,"à¸•à¸²à¸¡à¸à¸²à¸£à¸­à¸±à¸›à¹€à¸”à¸•à¸¥à¹ˆà¸²à¸ªà¸¸à¸”à¸‚à¸­à¸‡à¸Šà¸²à¸£à¹Œà¸• Billboard à¹ƒà¸™ â€˜Digital Song Sales Chartâ€™ à¹€à¸à¸¥à¸‡ â€˜With Youâ€™ à¸—à¸µà¹ˆà¸£à¹‰à¸­à¸‡à¹‚à¸”à¸¢à¸®à¸²à¸‹à¸­à¸‡à¸­à¸¸à¸™à¹à¸¥à¸°à¸ˆà¸µà¸¡à¸´à¸™ à¸‹à¸¶à¹ˆà¸‡à¹€à¸›à¹‡à¸™à¹€à¸à¸¥à¸‡à¸›à¸£à¸°à¸à¸­à¸šà¸‹à¸µà¸£à¸µà¸ªà¹Œà¹€à¸£à¸·à¹ˆà¸­à¸‡ â€˜Our Bluesâ€™ à¸à¹‡à¹€à¸”à¸šà¸´à¸§à¸•à¹Œà¸—à¸µà¹ˆà¸­à¸±à¸™à¸”à¸±à¸š 1 à¹ƒà¸™à¸Šà¸²à¸£à¹Œà¸•

à¸­à¹ˆà¸²à¸™à¹€à¸à¸´à¹ˆà¸¡à¹€à¸•à¸´à¸¡ğŸ‘‰https://t.co/VHjaOSWLU2 

#Thinkidol #JIMIN #BTS #HaSungwoon #Billboard #OurBlues https://t.co/MMm9fwM2EX",2022-05-04 06:27:05,101,86
235,1521734286361038855,jimin core,3,only jimin can #withyou #WithYouJiminOST #Sungwoon #JIMINJIMIN #BTSJIMIN #JiminxHaSungwoon_WithYou #highestchart #global #CONGRATULATIONS JIMIN #Billboard https://t.co/afmfXs7fBS,2022-05-04 06:11:40,0,0
236,1521731770500083712,Filemon Jaroni,10,"Happy Birthday to Mr. Mick Mars
04 May 1951, Age:71
Instrument: Guitar
(Professional Career)
1981 - MÃ¶tley CrÃ¼e
#MÃ¶tleycrÃ¼e #Mickmars #Hardrock #Heavymetal #GlamMetal #Bluesrock #Music #Songwriter #Popularmusic #billboard #americanmusician #happybirthday https://t.co/SV6A25C39z",2022-05-04 06:01:41,0,0
237,1521724152738050048,Suara Mas,148,"ORIGINAL LOGO 1/1 COLLECTION @rarible

Keep Calm and Hold Me In Your Arms (v1-28)

""Keep Calm and Play Vinyl v1"" #NFT series 
https://t.co/6m36hPbuE1

.
.
.

#NFTs #NFTIndonesia #NFTCommunity #NFTmusic #vinyl #vinylrecords #rarible #opensea #pop #synthpop #rickastley #billboard https://t.co/IGh6EwBcoX",2022-05-04 05:31:24,9,3
238,1521721313546543106,æ´‹æ¥½æœ€æ–°ãƒ’ãƒƒãƒˆãƒ©ãƒ³ã‚­ãƒ³ã‚°ãƒ“ãƒ«ãƒœãƒ¼ãƒ‰/UK,46,"5/7 ãƒ“ãƒ«ãƒœãƒ¼ãƒ‰æœ€æ–°ãƒ©ãƒ³ã‚­ãƒ³ã‚° https://t.co/u5TDA0A9gU
1ä½ As It Was - Harry Styles
2ä½ First Class - Jack Harlow
3ä½ Heat Waves - Glass Animals
4ä½ Big Energy - Latto
7ä½ Woman - Doja Cat
9ä½ Super Gremlin - Kodak Black
#æ´‹æ¥½ #ãƒ“ãƒ«ãƒœãƒ¼ãƒ‰ #æ´‹æ¥½ãƒ©ãƒ³ã‚­ãƒ³ã‚° #è¦–è´ #PV #MV #Billboard",2022-05-04 05:20:08,1,0
239,1521713930913009664,ã¡ã—ã‹ğŸ²ğŸŒ¸,390,"ä»Šé€±ã®ãƒ€ã‚¦ãƒ³ãƒ­ãƒ¼ãƒ‰ãƒ»ã‚½ãƒ³ã‚°ãƒ»ãƒãƒ£ãƒ¼ãƒˆ 
ğŸ¥‡1ä½  Betrayal Game âœ¨ BE:FIRST âœ¨
ãŠã‚ã§ã¨ã†ãƒ¼ãƒ¼ğŸ‘ğŸ˜­ğŸ’•ğŸ’•ğŸ’•
#BEFIRST #BetrayalGame #Billboard https://t.co/mPYs5eGeuX",2022-05-04 04:50:47,20,8
240,1521712948749680640,"BIGTIME RADIO, TV & ENTERTAINMENT",2076,"Sia - The Greatest #bigtimeradio https://t.co/N76xPoatRr @Charlie_Cawood @BigTimeRadio1 @bigtime_news
 on #Amazon Echo &amp; App https://t.co/c7cZfm4MQo  #Top40 #Music 247 #Worldwide 3 #Radio #Stations 43 #Countries #Interviews #Billboard https://t.co/JiPHr6jZyC  #SUBMI",2022-05-04 04:46:53,1,1
241,1521711207904071681,æ²¼ğŸŒˆğŸ•ºã€€Re-tweets are welcomeâ¤ï¸,1271,"ãƒ€ã‚¦ãƒ³ãƒ­ãƒ¼ãƒ‰ã—ãŸã‚ˆğŸ™‹â€â™‚ï¸
Betrayal Game / BE:FIRST
#BEFIRST #BetrayalGame #Billboard https://t.co/J9Q7VFgFlM",2022-05-04 04:39:58,4,3
242,1521708358985986048,YosshiiiğŸğŸŒğŸŒğŸ ,278,"ä»Šé€±ã®ãƒ€ã‚¦ãƒ³ãƒ­ãƒ¼ãƒ‰ãƒ»ã‚½ãƒ³ã‚°ãƒ»ãƒãƒ£ãƒ¼ãƒˆ 1ä½  Betrayal Game / BE:FIRST
ğŸ‘ğŸ‘ğŸ‘ğŸ‘ğŸ‘ğŸ‘ğŸ‘ğŸ‘ğŸ‘
ãŠã‚ã§ã¨ã†ã”ã–ã„ã¾ã™ğŸ‰ğŸ‰ğŸ‰

#BEFIRST #BetrayalGame #Billboard https://t.co/4QVyTHPjuP",2022-05-04 04:28:39,4,3
243,1521705583027621888,Aaron Fernandes,37954,Billboard Names Olivia Rodrigo Their WOMAN OF THE YEAR! https://t.co/uljcUIXHMu #Billboard #OliviaRodrigo #WomanoftheYear https://t.co/eQmlqhaGET,2022-05-04 04:17:37,0,0
244,1521703493286785026,Music Diary,3,"#musicdiary
#katyperry
#billboard

Is Taylor Swift Teasing Her Next Album at the 2022 Met Gala?

By Glenn Rowley
05/2/2022

Taylor Swift attends the ""Charles James: Beyond Fashion"" Costume Institute Gala at the Metropolitan Museum of Art on May 5, 2014 in New York City.
D.K/GI https://t.co/ZJABqeXm8E",2022-05-04 04:09:19,0,0
245,1521697107719118849,Manin De Polignan ğŸ‡ºğŸ‡¸ğŸ‡²ğŸ‡«,8326,"#Music Matters: Andy Williams 
 A Fool Never Learns
https://t.co/EefUv71nkx #Billboard #LastFM #TheVoice https://t.co/IcvsdmdZkV #Quote",2022-05-04 03:43:56,0,0
246,1521696084581621760,"BIGTIME RADIO, TV & ENTERTAINMENT",2076,"Miley Cyrus - Midnight sky #bigtimeradio https://t.co/N76xPoatRr @Charlie_Cawood @BigTimeRadio1 @bigtime_news
 on #Amazon Echo &amp; App https://t.co/c7cZfm4MQo  #Top40 #Music 247 #Worldwide 3 #Radio #Stations 43 #Countries #Interviews #Billboard https://t.co/JiPHr6jZyC  #SUBMI",2022-05-04 03:39:52,1,1
247,1521695625280204802,Station Simone,3428,"7h c'est #Billboard ! sur @StationSimone 
Bon rÃ©veil sur @StationSimone 
@Rene_Brochier @philippepoustis @thunder_rollin @lauric_henneton @RacluresKiller @c_vollaire @catsan65 @pierrelescure @Albusae @LireAgir @thierrylacombe5 @AuxComtesse @JulieJulieL @thierrychanu @ThierryPaddy https://t.co/EYm1AClO5k",2022-05-04 03:38:03,16,2
248,1521693616762245122,El Popular,105363,#Billboard Music Awards 2022: Â¿QuiÃ©nes son los artistas con mayores nominaciones? [VIDEO] â–ºhttps://t.co/AR5l9XEmVk https://t.co/NLlg25HSUH,2022-05-04 03:30:04,0,0
249,1521692810872766467,"BIGTIME RADIO, TV & ENTERTAINMENT",2076,"Justin Bieber - Yummy #bigtimeradio https://t.co/N76xPoatRr @Charlie_Cawood @BigTimeRadio1 @bigtime_news
 on #Amazon Echo &amp; App https://t.co/c7cZfm4MQo  #Top40 #Music 247 #Worldwide 3 #Radio #Stations 43 #Countries #Interviews #Billboard https://t.co/JiPHr6jZyC  #SUBMI",2022-05-04 03:26:52,1,1
250,1521686667609968640,UrbanGloryMusicAssoc,927,Did you know that #Billboard looks at your social media presence? Learn how they track it! Join UGMA https://t.co/89EJHnu0mg #musicandarts,2022-05-04 03:02:27,0,0
251,1521684265959710720,Korea Odyssey,12311,"#BTS and the band #Coldplayâ€™s joint song â€œ#MyUniverseâ€ has entered the U.S. #Billboardâ€™s global chart for 31 consecutive weeks. ğŸ‰âœ¨ğŸ¥³ğŸ«¶
#BTSARMY #ColdplayXBTS #ë§ˆì´ìœ ë‹ˆë²„ìŠ¤ #ë°©íƒ„ì†Œë…„ë‹¨ #ë¹Œë³´ë“œ #Billboard200 

https://t.co/6D6TxBmdf9 https://t.co/Sl2w8S0lP7",2022-05-04 02:52:55,37,12
252,1521683980247990273,Korea Odyssey,12311,"#BTSJIMIN and #HASUNGWOON's soundtrack â€œ#WithYouâ€ for the drama â€œ#OurBlues"" topped the â€œ#DigitalSongSalesâ€ on #Billboard on Apr. 24! ğŸ˜ğŸ‰ğŸ¤ğŸ‘
#JiminxHaSungwoon_WithYou #WithYouJiminOST #OurBluesJiminOST #ë°©íƒ„ì†Œë…„ë‹¨ #ì§€ë¯¼ #ìš°ë¦¬ë“¤ì˜ë¸”ë£¨ìŠ¤ #í•˜ì„±ìš´ #BTSARMY 

https://t.co/6D6TxBmdf9 https://t.co/OljMUalgua",2022-05-04 02:51:47,1524,600
253,1521655544851070976,JM,20,"ã‚¦ãƒªãƒãƒ³ã‚¿ãƒ³ã™ã”ã™ãã‚‹
TOP10ã»ã¨ã‚“ã©å ã‚ã¦ã‚‹ã‚„ã‚“ğŸ’œ

#ë°©íƒ„ì†Œë…„ë‹¨ã€€#BTS #é˜²å¼¾å°‘å¹´å›£
#BTSARMY #WithYouByJimin 
#jimin #Billboard https://t.co/zdlSUNj8Kd",2022-05-04 00:58:47,1,0
254,1521655065966092288,doja wins,24,"Doja Cat did THAT!!!!! 
Stream Planet Her!!!
Kittens stream Woman #7 on Hot 100
Letâ€™s get Doja to her frist single #1!!! ğŸ’—

@DojaCat #dojacat @billboard @billboardcharts #Billboard https://t.co/KaulUsxuSo",2022-05-04 00:56:53,0,0
255,1521649409775255553,Frankieee,9,Subscribe to my Channel New vid just dropped Tune in its ğŸ”¥ğŸ”¥ #NBAPlayoffs #NFL #NFTCommunity #trending #subscribe #NYC #explore #FYP #rap #RnBandHipHop #unsignedartist #Billboard https://t.co/7RfmqGqS5E,2022-05-04 00:34:24,4,0
256,1521649216455598085,platinumhitwriters,0,"Did you know that The-Dream wrote Umbrella for Rihanna? 

#songwriter #songwriting #platinumhitwriters #billboard #music #shaderoom #newmusic #musicproduction #musicproducer #grammy #grammys #spotify #singersongwriter #singersoom #TheDream #Rihanna #umbrella https://t.co/9fMjA9iRTx",2022-05-04 00:33:38,2,0
257,1521640759316733953,Bohemia AlteÃ±a,12,". @AngelaAguilar__  posiciona la mÃºsica mexicana en el #1 de los charts de #Billboard con su tema ""AhÃ­ Donde Me Ven"" mismo que se ha mantenido por 19 semanas en los primeros lugares de las listas. 
https://t.co/dMqm6rTY7V",2022-05-04 00:00:02,0,0
258,1521632362760744962,_adors.007,130,@KWESIARTHUR_ enter billboard  #SonofJacob #billboard  #Ghana,2022-05-03 23:26:40,1,1
259,1521627870107521026,R. D.,546,Diet Pepsi drinkers lead a relaxing life. Lounging arou  #DietPepsi #Pepsi #Soda #Pop #Popculture #Popularculture #Billboard #Billboards #Chicago #Sign #Ad #Advertising #Advertisement #Illinois #USA #America #UnitedStates https://t.co/8csAKvfNpb,2022-05-03 23:08:49,1,0
260,1521621617922609152,Get 'em La,48,"""first he gotta give me top""
-Queen #NickiMinaj #MetGala2022 #Billboard https://t.co/r53znr3nyO",2022-05-03 22:43:58,0,0
261,1521621021727596546,Dan Koosh,13916,#RollingStone #Newsweek #Bloomberg #thr #tmz #Variety #BillboardÂ Â  #nytimes #latimes #WSJ #LAmag #Forbes #Time #NYPost #CountryLivingMag #WineMakerMag https://t.co/EuJffjif5Q,2022-05-03 22:41:36,0,1
262,1521607594271518720,SÃ¯bTâ‚©à¥°dollaboyzCeO DiğŸš€k Pet ğŸ’…ğŸ¼,88,#Ad #billboard #AliceInWonderland https://t.co/7z0so9VAsS,2022-05-03 21:48:15,0,0
263,1521606433447591937,SÃ¯bTâ‚©à¥°dollaboyzCeO DiğŸš€k Pet ğŸ’…ğŸ¼,88,#Ad #billboard https://t.co/myR2qQeTpu,2022-05-03 21:43:38,0,0
264,1521605481113956353,Everything Gwen Stefani & Blake Shelton!,250,Gwen Stefani - On 'Billboard'. Gwen Did Her Own Makeup for the 2022 Met Gala: Where to Buy the Products She Used (05.03.2022) #GwenStefani #MetGala #LatifahMuhammad #Billboard https://t.co/TgxhDjk8vx https://t.co/6IUQIkEoU0,2022-05-03 21:39:51,4,0
265,1521605279934210052,Manin De Polignan ğŸ‡ºğŸ‡¸ğŸ‡²ğŸ‡«,8326,"Have a gr8 #Music week: Steely Dan 
 Hey Nineteen https://t.co/jvw9nbwGJg #Billboard #LastFM #TheVoice https://t.co/WwVZ4izBJp #Quote",2022-05-03 21:39:03,0,0
266,1521604581611999232,Bandamax,1439086,".@AngelaAguilar__ domina las listas de regional mexicano en #Billboard ğŸ‘

https://t.co/qnOfRRWf59",2022-05-03 21:36:16,9,1
267,1521604578160037888,Yuridia Fandom,2726,"Nota de Yuridia @yuritaflowers y su nuevo single #YtuQueGanas en @billboard

ğŸ”¸Yuridia, whoâ€™s known for her aching pop ballads.
ğŸ”¸Y Tu, QuÃ© Ganas?â€ is a reminder that the genre suits her well.

#BillboardNews
#Billboard
@billboardlatin
@seitrack_us https://t.co/BqzQ8Lkr6T",2022-05-03 21:36:16,13,4
268,1521597542403690496,ã¾ã‚Šã‚Šã‚“,73,"#INI
ã€#CALL119ã€MVå†ç”Ÿå›æ•°é”æˆå…¬ç´„ğŸš

https://t.co/fyrhdSK5Zy

ğŸš”300ä¸‡å›ï¼š3/31é”æˆğŸŠ
ğŸš”500ä¸‡å›ï¼š4/24é”æˆğŸŠ
ğŸš”1000ä¸‡å›ï¼šSecret

ğŸš˜1000ä¸‡å›é”æˆäºˆå®šã¯2022/9/6ã«ãªã‚‹äºˆå®šğŸš‰
#MINI @official__INI
#MUSIC #å‰æœ¬ #éŸ³æ¥½ #Billboard #GRAMMY #MAMA #Mnet #MTV #KPOP #KCON #JPOP #WORLD #ã‚¨ãƒ³ã‚¿ãƒ¡ https://t.co/aQ6ubsplmI",2022-05-03 21:08:18,0,0
269,1521596647045615616,ã¾ã‚Šã‚Šã‚“,73,"#INI
ã€#WeAreã€MVå†ç”Ÿå›æ•°é”æˆå…¬ç´„ğŸš¢

https://t.co/EvvVX7krTf

ğŸš”300ä¸‡å›ï¼š4/30é”æˆğŸŠ
ğŸš”500ä¸‡å›ï¼šINI Holiday
ğŸš”1000ä¸‡å›ï¼šSecret

ğŸš˜1000ä¸‡å›é”æˆäºˆå®šã¯2022/11/22ã«ãªã‚‹äºˆå®šğŸ›³ï¸
#MINI @official__INI
#MUSIC #å‰æœ¬ #éŸ³æ¥½ #Billboard #GRAMMY #MAMA #Mnet #MTV #KPOP #KCON #JPOP #WORLD #ã‚¨ãƒ³ã‚¿ãƒ¡ https://t.co/xwTTkRHvqu",2022-05-03 21:04:45,0,0
270,1521596235400024064,Revista De Taehyung,1086,"Â¡Debut de 'With You' en listas oficiales de Billboard en Estados Unidos!

#19. Billboard Global 200
#12. Emerging Artists - Jimin
#01. Digital Song Sales Chart
#14. Billboard Global Excl. US

#JIMIN 
#WithYouJimin 
#WithYou 
#Billboard https://t.co/SPe6rEqGZq",2022-05-03 21:03:07,11,8
271,1521591159759507456,Genuine,893,"My bodyâ€™s a work of art, heâ€™s eating this Vango. 

#Billboard 2022 Audition 
#LAFashionWeek

Dress : @sewsitall 
Wig : @stylesByGenuine @ Downtown Los Angeles https://t.co/JUQlLxrxX4",2022-05-03 20:42:56,1,1
272,1521588808218779649,ğ—ğ—¼ğ—¿ğ—²ğ™•ğ™ğ™£,9301,"#BTS'ten #Jimin ve #HaSungWoon Ä°ÅŸ BirliÄŸi #Withyou, #Billboard'un 'Dijital ÅarkÄ± SatÄ±ÅŸlarÄ±' Listesine Zirveden GiriÅŸ YaptÄ±

@BTS_twt #ë°©íƒ„ì†Œë…„ë‹¨ @HSW_officialtwt #DigitalSongSales #OurBlues #JiminxHaSungwoon_WithYou

https://t.co/EoBAYPbYOE https://t.co/hp5N8TT0nw",2022-05-03 20:33:36,8,3
273,1521585551584886785,Miya,1,"PLEASE VOTE!!! #SB19 #BillboardNews #Billboard #SB19_KEN #SB19_JUSTIN #SB19_JOSH #SB19_STELL #sb19_PABLO #sb19_SEHJUN @SB19Official 
Top social artists are:
ğŸ”¥SB19 ğŸ”¥
Top social artist Twitter voting:
ğŸ”¥@SB19OfficialğŸ”¥
https://t.co/p504uVARxH",2022-05-03 20:20:39,2,2
274,1521583901088665607,Portal Alta DefiniÃ§Ã£o,2567,"Com Envolver, Anitta se mantÃ©m por quatro semanas na Billboard Hot 100 ğŸ‘‰ https://t.co/Meill57zoT

#PortalAltaDefinicao @anitta #anitta #Envolver #Billboard https://t.co/hN7Owmf8j0",2022-05-03 20:14:06,0,0
275,1521582136985276421,Sentinus Enterprises,6,"""Amazing Giant 3-D Cat Digital Billboard in Shinjuku, Japan""

#Cat #Billboard #shinjuku #japan

https://t.co/dEPfn5N7Ej",2022-05-03 20:07:05,0,0
276,1521579008277708800,FreeIsMe The Music Of Edwin H. Balder,3193,"Taking a break hanging with a super star who is covering a song of mine today
Sort of a die happy moment
ğŸ“¢ https://t.co/xxQFXVtACZ
 ğŸ¶
#indiemusic #BillboardNews #Billboard #Billboardhot100 #GRAMMYs #spotify #itunes #soundcloud #tunebubble #youtube #LatinAMAs #EntertainmentNews https://t.co/YL5svubByB",2022-05-03 19:54:39,4,0
277,1521574834685112320,"Johnny J. Blair ""Singer at Large""",53,"Davy Jones ""Daydream Believer"" live in Japan 2010 https://t.co/sPDuhUcFca via @YouTube New video! #davyjones #monkees #daydreambeliever #johnstewart #tokyo #billboard #japan #johnnyjblair #singeratlarge",2022-05-03 19:38:04,2,0
278,1521569939328487424,Jazz The Ceo / I dream In COLOR!,3555,"@thetruemando in #hollywood taking in all in that he will be on @TwitterMusic one day as one of the hottest #Latin #musicartist

#California #lax #hollywood #remedy313 #latingrammys #bts #actor #model #bmf #jazztheceo #billboard #MetGala2022 #tmz #CincodeMayo #manbun #Mexican https://t.co/NUJzriyiwa",2022-05-03 19:18:37,1,1
